filename,width,height,class,xmin,ymin,xmax,ymax
All OCR_1.jpg,381,103,S,55,43,72,84
All OCR_1.jpg,381,103,K,78,45,96,84
All OCR_1.jpg,381,103,K,124,46,141,84
All OCR_1.jpg,381,103,9,101,45,119,83
All OCR_1.jpg,381,103,W,147,46,164,84
All OCR_1.jpg,381,103,8,170,46,187,85
All OCR_1.jpg,381,103,E,193,47,210,86
All OCR_1.jpg,381,103,5,215,48,233,86
All OCR_1.jpg,381,103,M,238,48,258,86
All OCR_1.jpg,381,103,2,261,47,278,86
All OCR_1.jpg,381,103,H,284,49,303,85
All OCR_1.jpg,381,103,2,306,49,325,86
All OCR_10.jpg,376,99,G,56,38,75,76
All OCR_10.jpg,376,99,J,78,38,99,76
All OCR_10.jpg,376,99,7,103,38,121,74
All OCR_10.jpg,376,99,2,125,39,143,76
All OCR_10.jpg,376,99,B,148,38,166,77
All OCR_10.jpg,376,99,X,170,38,189,76
All OCR_10.jpg,376,99,J,192,39,212,76
All OCR_10.jpg,376,99,6,217,38,233,76
All OCR_10.jpg,376,99,P,238,39,257,76
All OCR_10.jpg,376,99,2,263,39,280,77
All OCR_10.jpg,376,99,F,285,39,304,76
All OCR_10.jpg,376,99,4,308,39,327,77
All OCR_100.jpg,381,101,S,56,43,74,81
All OCR_100.jpg,381,101,K,78,42,96,81
All OCR_100.jpg,381,101,9,101,43,119,82
All OCR_100.jpg,381,101,L,124,43,142,81
All OCR_100.jpg,381,101,E,147,43,166,82
All OCR_100.jpg,381,101,7,170,43,188,81
All OCR_100.jpg,381,101,8,193,45,210,83
All OCR_100.jpg,381,101,F,215,45,235,83
All OCR_100.jpg,381,101,A,238,46,257,82
All OCR_100.jpg,381,101,2,262,46,280,85
All OCR_100.jpg,381,101,E,285,46,303,85
All OCR_100.jpg,381,101,3,307,45,326,85
All OCR_101.jpg,379,103,S,56,42,73,81
All OCR_101.jpg,379,103,K,79,44,96,81
All OCR_101.jpg,379,103,9,102,44,121,82
All OCR_101.jpg,379,103,L,126,44,144,82
All OCR_101.jpg,379,103,E,148,45,167,84
All OCR_101.jpg,379,103,7,171,46,190,82
All OCR_101.jpg,379,103,5,194,48,212,84
All OCR_101.jpg,379,103,O,215,48,233,85
All OCR_101.jpg,379,103,E,239,47,257,87
All OCR_101.jpg,379,103,2,262,49,280,86
All OCR_101.jpg,379,103,B,286,49,303,88
All OCR_101.jpg,379,103,6,309,49,327,88
All OCR_102.jpg,378,98,T,63,40,81,79
All OCR_102.jpg,378,98,I,86,40,101,78
All OCR_102.jpg,378,98,6,108,41,125,76
All OCR_102.jpg,378,98,R,131,41,149,78
All OCR_102.jpg,378,98,3,154,40,172,78
All OCR_102.jpg,378,98,D,177,41,195,80
All OCR_102.jpg,378,98,F,200,41,217,78
All OCR_102.jpg,378,98,1,221,41,240,78
All OCR_102.jpg,378,98,Y,245,41,264,77
All OCR_102.jpg,378,98,1,268,40,286,78
All OCR_102.jpg,378,98,C,291,41,308,77
All OCR_102.jpg,378,98,0,312,41,332,78
All OCR_103.jpg,376,98,T,62,40,81,77
All OCR_103.jpg,376,98,I,85,39,104,77
All OCR_103.jpg,376,98,6,109,40,126,78
All OCR_103.jpg,376,98,R,131,40,149,78
All OCR_103.jpg,376,98,3,153,40,172,78
All OCR_103.jpg,376,98,D,176,41,194,79
All OCR_103.jpg,376,98,F,198,40,215,78
All OCR_103.jpg,376,98,4,222,41,240,78
All OCR_103.jpg,376,98,G,245,40,263,77
All OCR_103.jpg,376,98,2,268,40,285,79
All OCR_103.jpg,376,98,A,290,42,308,78
All OCR_103.jpg,376,98,7,313,40,330,77
All OCR_104.jpg,378,97,T,62,40,81,76
All OCR_104.jpg,378,97,I,84,40,102,78
All OCR_104.jpg,378,97,6,108,40,126,77
All OCR_104.jpg,378,97,R,131,40,149,78
All OCR_104.jpg,378,97,3,153,40,172,78
All OCR_104.jpg,378,97,D,178,40,194,80
All OCR_104.jpg,378,97,F,199,40,217,79
All OCR_104.jpg,378,97,2,222,41,239,79
All OCR_104.jpg,378,97,E,245,40,264,78
All OCR_104.jpg,378,97,2,268,41,286,78
All OCR_104.jpg,378,97,C,291,42,309,78
All OCR_104.jpg,378,97,3,312,40,330,79
All OCR_106.jpg,379,98,S,54,40,72,79
All OCR_106.jpg,379,98,K,77,40,97,79
All OCR_106.jpg,379,98,9,101,41,119,81
All OCR_106.jpg,379,98,K,124,41,142,81
All OCR_106.jpg,379,98,V,147,42,165,81
All OCR_106.jpg,379,98,Z,170,41,188,80
All OCR_106.jpg,379,98,2,193,43,211,82
All OCR_106.jpg,379,98,L,215,43,233,82
All OCR_106.jpg,379,98,B,238,43,256,82
All OCR_106.jpg,379,98,B,283,44,304,84
All OCR_106.jpg,379,98,0,261,45,279,83
All OCR_106.jpg,379,98,3,308,45,326,84
All OCR_107.jpg,378,98,T,63,39,80,76
All OCR_107.jpg,378,98,I,86,39,103,77
All OCR_107.jpg,378,98,6,108,39,126,77
All OCR_107.jpg,378,98,R,131,39,149,76
All OCR_107.jpg,378,98,3,155,39,172,77
All OCR_107.jpg,378,98,D,178,40,194,78
All OCR_107.jpg,378,98,F,200,39,217,77
All OCR_107.jpg,378,98,4,223,40,240,75
All OCR_107.jpg,378,98,F,245,40,263,77
All OCR_107.jpg,378,98,F,291,40,309,77
All OCR_107.jpg,378,98,2,268,39,286,78
All OCR_107.jpg,378,98,7,313,39,330,75
All OCR_108.jpg,378,97,T,63,38,81,77
All OCR_108.jpg,378,97,I,86,38,103,77
All OCR_108.jpg,378,97,6,109,39,127,77
All OCR_108.jpg,378,97,R,132,39,150,77
All OCR_108.jpg,378,97,3,154,38,172,77
All OCR_108.jpg,378,97,D,175,40,195,76
All OCR_108.jpg,378,97,F,199,39,216,76
All OCR_108.jpg,378,97,6,223,40,240,77
All OCR_108.jpg,378,97,J,245,41,264,77
All OCR_108.jpg,378,97,2,269,40,286,77
All OCR_108.jpg,378,97,B,291,40,308,78
All OCR_108.jpg,378,97,6,314,39,332,77
All OCR_109.jpg,374,98,T,55,45,71,82
All OCR_109.jpg,374,98,I,78,44,94,82
All OCR_109.jpg,374,98,6,101,45,118,81
All OCR_109.jpg,374,98,R,124,44,143,81
All OCR_109.jpg,374,98,8,146,43,164,81
All OCR_109.jpg,374,98,1,167,43,185,81
All OCR_109.jpg,374,98,9,192,44,210,81
All OCR_109.jpg,374,98,0,214,42,231,80
All OCR_109.jpg,374,98,0,260,42,277,80
All OCR_109.jpg,374,98,E,237,42,254,80
All OCR_109.jpg,374,98,G,283,42,301,79
All OCR_109.jpg,374,98,6,305,42,322,79
All OCR_11.jpg,379,99,S,55,46,74,85
All OCR_11.jpg,379,99,K,78,45,96,84
All OCR_11.jpg,379,99,K,124,46,142,85
All OCR_11.jpg,379,99,K,172,47,189,84
All OCR_11.jpg,379,99,9,102,46,120,85
All OCR_11.jpg,379,99,P,148,46,166,86
All OCR_11.jpg,379,99,P,240,47,258,85
All OCR_11.jpg,379,99,1,195,48,213,87
All OCR_11.jpg,379,99,E,217,47,234,87
All OCR_11.jpg,379,99,0,264,49,281,87
All OCR_11.jpg,379,99,D,289,50,306,90
All OCR_11.jpg,379,99,7,312,50,329,89
All OCR_110.jpg,377,100,T,57,43,74,81
All OCR_110.jpg,377,100,I,79,42,97,80
All OCR_110.jpg,377,100,6,102,43,120,79
All OCR_110.jpg,377,100,Q,126,43,144,79
All OCR_110.jpg,377,100,E,149,42,167,78
All OCR_110.jpg,377,100,3,171,41,190,78
All OCR_110.jpg,377,100,3,309,39,326,77
All OCR_110.jpg,377,100,G,195,41,213,78
All OCR_110.jpg,377,100,S,217,41,236,78
All OCR_110.jpg,377,100,D,240,41,258,78
All OCR_110.jpg,377,100,0,263,40,280,79
All OCR_110.jpg,377,100,C,285,39,303,78
All OCR_111.jpg,378,101,S,57,43,75,82
All OCR_111.jpg,378,101,K,80,43,98,83
All OCR_111.jpg,378,101,K,125,42,143,83
All OCR_111.jpg,378,101,9,104,43,121,83
All OCR_111.jpg,378,101,Y,149,45,167,83
All OCR_111.jpg,378,101,A,172,46,190,84
All OCR_111.jpg,378,101,I,194,44,211,83
All OCR_111.jpg,378,101,3,217,46,234,84
All OCR_111.jpg,378,101,O,240,46,259,85
All OCR_111.jpg,378,101,2,263,46,280,85
All OCR_111.jpg,378,101,H,286,46,304,85
All OCR_111.jpg,378,101,0,309,48,326,85
All OCR_112.jpg,377,100,T,55,48,73,87
All OCR_112.jpg,377,100,I,76,48,96,86
All OCR_112.jpg,377,100,6,99,47,117,86
All OCR_112.jpg,377,100,R,121,46,141,86
All OCR_112.jpg,377,100,B,146,47,164,84
All OCR_112.jpg,377,100,Y,168,46,187,84
All OCR_112.jpg,377,100,I,191,45,209,85
All OCR_112.jpg,377,100,7,214,45,232,84
All OCR_112.jpg,377,100,K,237,45,255,83
All OCR_112.jpg,377,100,0,259,46,278,83
All OCR_112.jpg,377,100,0,305,44,324,83
All OCR_112.jpg,377,100,D,282,44,301,83
All OCR_113.jpg,376,100,S,54,39,72,78
All OCR_113.jpg,376,100,K,76,38,94,78
All OCR_113.jpg,376,100,K,121,40,141,79
All OCR_113.jpg,376,100,9,100,39,117,79
All OCR_113.jpg,376,100,Y,146,40,163,78
All OCR_113.jpg,376,100,B,168,41,186,79
All OCR_113.jpg,376,100,3,190,41,207,79
All OCR_113.jpg,376,100,Q,214,41,232,80
All OCR_113.jpg,376,100,H,236,41,255,80
All OCR_113.jpg,376,100,1,259,41,277,81
All OCR_113.jpg,376,100,D,282,41,301,81
All OCR_113.jpg,376,100,7,305,43,324,80
All OCR_114.jpg,377,95,T,59,38,78,76
All OCR_114.jpg,377,95,I,82,37,99,75
All OCR_114.jpg,377,95,6,105,38,123,76
All OCR_114.jpg,377,95,R,128,38,143,76
All OCR_114.jpg,377,95,N,150,38,168,76
All OCR_114.jpg,377,95,4,172,38,189,75
All OCR_114.jpg,377,95,7,196,38,213,76
All OCR_114.jpg,377,95,5,219,39,237,75
All OCR_114.jpg,377,95,A,242,39,260,76
All OCR_114.jpg,377,95,0,264,37,282,75
All OCR_114.jpg,377,95,A,287,40,305,76
All OCR_114.jpg,377,95,3,309,39,327,77
All OCR_115.jpg,377,96,T,62,38,79,76
All OCR_115.jpg,377,96,I,84,37,101,76
All OCR_115.jpg,377,96,6,108,40,125,76
All OCR_115.jpg,377,96,R,129,38,146,78
All OCR_115.jpg,377,96,N,152,39,169,78
All OCR_115.jpg,377,96,4,175,39,192,76
All OCR_115.jpg,377,96,6,199,39,215,76
All OCR_115.jpg,377,96,J,220,38,237,76
All OCR_115.jpg,377,96,C,244,40,261,76
All OCR_115.jpg,377,96,2,267,39,283,77
All OCR_115.jpg,377,96,A,289,40,306,76
All OCR_115.jpg,377,96,1,312,39,330,78
All OCR_116.jpg,378,96,T,60,37,77,76
All OCR_116.jpg,378,96,I,83,37,99,75
All OCR_116.jpg,378,96,6,105,38,122,75
All OCR_116.jpg,378,96,6,196,39,213,74
All OCR_116.jpg,378,96,R,128,38,146,75
All OCR_116.jpg,378,96,N,150,37,169,76
All OCR_116.jpg,378,96,4,174,39,192,76
All OCR_116.jpg,378,96,J,219,37,237,77
All OCR_116.jpg,378,96,M,241,37,259,76
All OCR_116.jpg,378,96,2,264,39,282,76
All OCR_116.jpg,378,96,B,286,38,305,76
All OCR_116.jpg,378,96,6,310,38,328,76
All OCR_117.jpg,378,98,T,58,44,75,83
All OCR_117.jpg,378,98,I,80,43,99,83
All OCR_117.jpg,378,98,6,104,45,122,82
All OCR_117.jpg,378,98,R,125,44,143,83
All OCR_117.jpg,378,98,H,148,44,167,83
All OCR_117.jpg,378,98,U,171,43,189,82
All OCR_117.jpg,378,98,8,194,45,213,82
All OCR_117.jpg,378,98,S,217,43,235,82
All OCR_117.jpg,378,98,D,240,44,258,82
All OCR_117.jpg,378,98,0,262,45,282,81
All OCR_117.jpg,378,98,F,286,45,304,84
All OCR_117.jpg,378,98,1,308,45,327,83
All OCR_118.jpg,379,97,T,54,45,73,82
All OCR_118.jpg,379,97,I,77,44,96,83
All OCR_118.jpg,379,97,6,100,44,118,83
All OCR_118.jpg,379,97,R,122,45,139,83
All OCR_118.jpg,379,97,H,145,44,164,83
All OCR_118.jpg,379,97,U,167,44,185,83
All OCR_118.jpg,379,97,A,190,46,208,84
All OCR_118.jpg,379,97,1,214,45,231,84
All OCR_118.jpg,379,97,M,236,45,254,83
All OCR_118.jpg,379,97,2,260,45,277,84
All OCR_118.jpg,379,97,C,282,45,300,83
All OCR_118.jpg,379,97,3,305,45,324,84
All OCR_119.jpg,379,100,S,57,43,76,82
All OCR_119.jpg,379,100,K,80,42,99,82
All OCR_119.jpg,379,100,K,128,44,147,83
All OCR_119.jpg,379,100,9,105,43,124,84
All OCR_119.jpg,379,100,V,150,43,169,83
All OCR_119.jpg,379,100,Z,173,44,192,84
All OCR_119.jpg,379,100,2,195,43,213,85
All OCR_119.jpg,379,100,W,219,44,238,84
All OCR_119.jpg,379,100,H,241,45,260,85
All OCR_119.jpg,379,100,0,264,47,283,85
All OCR_119.jpg,379,100,D,287,47,305,86
All OCR_119.jpg,379,100,3,308,46,327,87
All OCR_12.jpg,379,99,S,59,47,78,84
All OCR_12.jpg,379,99,K,82,46,100,85
All OCR_12.jpg,379,99,K,129,47,147,85
All OCR_12.jpg,379,99,K,176,49,194,87
All OCR_12.jpg,379,99,9,107,47,125,85
All OCR_12.jpg,379,99,P,153,49,171,86
All OCR_12.jpg,379,99,1,199,48,217,87
All OCR_12.jpg,379,99,1,315,50,332,89
All OCR_12.jpg,379,99,I,222,48,239,87
All OCR_12.jpg,379,99,Q,245,50,264,88
All OCR_12.jpg,379,99,0,268,50,286,88
All OCR_12.jpg,379,99,B,292,50,310,87
All OCR_125.jpg,378,102,S,54,47,72,84
All OCR_125.jpg,378,102,K,77,47,95,85
All OCR_125.jpg,378,102,9,101,47,119,84
All OCR_125.jpg,378,102,L,123,47,142,86
All OCR_125.jpg,378,102,5,147,47,164,86
All OCR_125.jpg,378,102,0,169,48,188,85
All OCR_125.jpg,378,102,6,193,48,211,87
All OCR_125.jpg,378,102,E,216,48,234,87
All OCR_125.jpg,378,102,E,239,48,258,88
All OCR_125.jpg,378,102,2,262,50,281,87
All OCR_125.jpg,378,102,A,285,50,303,88
All OCR_125.jpg,378,102,6,308,51,326,88
All OCR_126.jpg,376,102,S,53,46,72,84
All OCR_126.jpg,376,102,K,76,45,95,84
All OCR_126.jpg,376,102,9,100,47,119,85
All OCR_126.jpg,376,102,L,123,48,140,86
All OCR_126.jpg,376,102,5,145,48,165,86
All OCR_126.jpg,376,102,0,169,48,187,86
All OCR_126.jpg,376,102,6,192,47,212,87
All OCR_126.jpg,376,102,E,217,48,236,88
All OCR_126.jpg,376,102,G,240,49,259,88
All OCR_126.jpg,376,102,2,263,50,281,88
All OCR_126.jpg,376,102,F,285,50,304,88
All OCR_126.jpg,376,102,4,308,50,326,89
All OCR_127.jpg,380,103,S,54,45,74,83
All OCR_127.jpg,380,103,K,78,47,95,85
All OCR_127.jpg,380,103,9,101,47,119,84
All OCR_127.jpg,380,103,L,125,47,143,85
All OCR_127.jpg,380,103,5,148,47,167,85
All OCR_127.jpg,380,103,0,171,48,190,86
All OCR_127.jpg,380,103,6,194,49,211,86
All OCR_127.jpg,380,103,E,217,48,235,86
All OCR_127.jpg,380,103,X,240,49,258,85
All OCR_127.jpg,380,103,1,262,47,282,87
All OCR_127.jpg,380,103,C,286,50,305,88
All OCR_127.jpg,380,103,2,309,50,329,88
All OCR_128.jpg,379,102,S,53,46,73,86
All OCR_128.jpg,379,102,K,77,45,96,85
All OCR_128.jpg,379,102,9,101,45,119,85
All OCR_128.jpg,379,102,L,122,45,139,85
All OCR_128.jpg,379,102,5,147,48,165,86
All OCR_128.jpg,379,102,0,168,46,187,85
All OCR_128.jpg,379,102,6,192,48,210,86
All OCR_128.jpg,379,102,E,215,48,233,88
All OCR_128.jpg,379,102,F,239,49,259,87
All OCR_128.jpg,379,102,2,263,50,282,87
All OCR_128.jpg,379,102,D,287,48,305,89
All OCR_128.jpg,379,102,1,309,48,327,89
All OCR_129.jpg,378,98,T,59,38,77,77
All OCR_129.jpg,378,98,I,81,38,102,77
All OCR_129.jpg,378,98,6,106,38,123,76
All OCR_129.jpg,378,98,R,128,39,146,78
All OCR_129.jpg,378,98,N,150,40,168,78
All OCR_129.jpg,378,98,5,173,39,190,77
All OCR_129.jpg,378,98,8,196,39,214,77
All OCR_129.jpg,378,98,6,219,38,236,78
All OCR_129.jpg,378,98,A,241,41,261,78
All OCR_129.jpg,378,98,0,264,40,282,77
All OCR_129.jpg,378,98,A,287,41,307,78
All OCR_129.jpg,378,98,7,310,40,328,76
All OCR_130.jpg,379,103,S,51,45,69,83
All OCR_130.jpg,379,103,K,74,44,93,83
All OCR_130.jpg,379,103,9,98,46,117,83
All OCR_130.jpg,379,103,L,121,46,138,85
All OCR_130.jpg,379,103,5,144,46,163,86
All OCR_130.jpg,379,103,0,167,45,185,85
All OCR_130.jpg,379,103,A,191,48,208,86
All OCR_130.jpg,379,103,D,214,46,232,86
All OCR_130.jpg,379,103,O,236,48,255,86
All OCR_130.jpg,379,103,2,261,48,278,86
All OCR_130.jpg,379,103,D,283,49,302,87
All OCR_130.jpg,379,103,3,308,48,325,87
All OCR_131.jpg,376,100,T,57,46,78,86
All OCR_131.jpg,376,100,I,80,45,99,85
All OCR_131.jpg,376,100,6,104,46,122,85
All OCR_131.jpg,376,100,S,125,45,144,85
All OCR_131.jpg,376,100,7,149,46,167,83
All OCR_131.jpg,376,100,T,171,44,190,83
All OCR_131.jpg,376,100,8,194,44,212,84
All OCR_131.jpg,376,100,N,216,44,236,84
All OCR_131.jpg,376,100,H,238,43,258,83
All OCR_131.jpg,376,100,2,262,43,281,83
All OCR_131.jpg,376,100,E,286,43,304,83
All OCR_131.jpg,376,100,3,309,42,326,81
All OCR_132.jpg,323,100,S,1,42,17,81
All OCR_132.jpg,323,100,K,22,41,39,81
All OCR_132.jpg,323,100,9,44,42,63,80
All OCR_132.jpg,323,100,L,67,43,85,81
All OCR_132.jpg,323,100,5,91,44,109,83
All OCR_132.jpg,323,100,1,113,43,132,82
All OCR_132.jpg,323,100,6,136,42,155,83
All OCR_132.jpg,323,100,A,159,46,178,85
All OCR_132.jpg,323,100,H,182,45,201,82
All OCR_132.jpg,323,100,2,207,46,225,84
All OCR_132.jpg,323,100,E,230,45,249,85
All OCR_132.jpg,323,100,6,252,45,270,83
All OCR_133.jpg,376,101,S,48,42,66,80
All OCR_133.jpg,376,101,K,72,42,91,81
All OCR_133.jpg,376,101,9,97,42,116,81
All OCR_133.jpg,376,101,L,120,43,139,82
All OCR_133.jpg,376,101,5,142,44,161,82
All OCR_133.jpg,376,101,1,168,43,185,81
All OCR_133.jpg,376,101,6,189,43,209,82
All OCR_133.jpg,376,101,A,212,44,231,83
All OCR_133.jpg,376,101,G,236,44,255,83
All OCR_133.jpg,376,101,2,260,45,279,85
All OCR_133.jpg,376,101,C,284,45,301,84
All OCR_133.jpg,376,101,3,306,46,325,84
All OCR_134.jpg,377,102,S,52,44,70,82
All OCR_134.jpg,377,102,K,75,43,94,82
All OCR_134.jpg,377,102,9,99,43,118,82
All OCR_134.jpg,377,102,L,122,44,141,83
All OCR_134.jpg,377,102,5,146,45,165,85
All OCR_134.jpg,377,102,1,168,45,188,85
All OCR_134.jpg,377,102,7,191,46,210,82
All OCR_134.jpg,377,102,J,214,45,234,84
All OCR_134.jpg,377,102,G,239,47,258,85
All OCR_134.jpg,377,102,2,260,47,278,85
All OCR_134.jpg,377,102,A,285,50,304,87
All OCR_134.jpg,377,102,7,309,48,327,85
All OCR_135.jpg,377,102,S,48,48,68,86
All OCR_135.jpg,377,102,K,73,47,91,87
All OCR_135.jpg,377,102,9,96,47,114,85
All OCR_135.jpg,377,102,L,119,48,136,87
All OCR_135.jpg,377,102,5,142,48,160,87
All OCR_135.jpg,377,102,1,165,47,184,87
All OCR_135.jpg,377,102,6,188,47,206,86
All OCR_135.jpg,377,102,1,212,48,231,88
All OCR_135.jpg,377,102,M,234,51,255,87
All OCR_135.jpg,377,102,2,259,50,277,89
All OCR_135.jpg,377,102,O,282,51,300,90
All OCR_135.jpg,377,102,2,305,51,323,88
All OCR_139.jpg,379,101,S,54,44,72,82
All OCR_139.jpg,379,101,K,77,44,95,82
All OCR_139.jpg,379,101,9,101,43,118,82
All OCR_139.jpg,379,101,L,123,44,142,83
All OCR_139.jpg,379,101,9,146,44,165,84
All OCR_139.jpg,379,101,I,168,45,187,84
All OCR_139.jpg,379,101,0,191,45,209,82
All OCR_139.jpg,379,101,V,214,44,233,82
All OCR_139.jpg,379,101,H,236,46,256,85
All OCR_139.jpg,379,101,1,261,45,280,85
All OCR_139.jpg,379,101,D,285,46,302,86
All OCR_139.jpg,379,101,7,307,47,325,85
All OCR_14.jpg,378,104,S,54,45,73,83
All OCR_14.jpg,378,104,K,76,45,96,83
All OCR_14.jpg,378,104,K,123,45,141,83
All OCR_14.jpg,378,104,9,101,45,119,83
All OCR_14.jpg,378,104,W,146,45,165,83
All OCR_14.jpg,378,104,8,169,46,188,85
All OCR_14.jpg,378,104,G,191,45,209,85
All OCR_14.jpg,378,104,4,214,46,233,86
All OCR_14.jpg,378,104,P,237,47,257,85
All OCR_14.jpg,378,104,2,260,46,279,86
All OCR_14.jpg,378,104,E,284,48,302,87
All OCR_14.jpg,378,104,3,305,47,323,87
All OCR_140.jpg,380,100,S,57,43,76,80
All OCR_140.jpg,380,100,K,80,42,98,81
All OCR_140.jpg,380,100,9,104,43,122,81
All OCR_140.jpg,380,100,9,149,43,167,82
All OCR_140.jpg,380,100,L,126,44,143,82
All OCR_140.jpg,380,100,I,172,43,190,82
All OCR_140.jpg,380,100,0,194,44,212,82
All OCR_140.jpg,380,100,P,216,44,234,84
All OCR_140.jpg,380,100,E,240,44,258,84
All OCR_140.jpg,380,100,0,263,45,281,84
All OCR_140.jpg,380,100,B,285,46,304,84
All OCR_140.jpg,380,100,3,309,45,328,85
All OCR_141.jpg,379,101,S,56,40,74,76
All OCR_141.jpg,379,101,K,78,38,97,77
All OCR_141.jpg,379,101,9,102,40,120,79
All OCR_141.jpg,379,101,L,123,39,139,78
All OCR_141.jpg,379,101,I,146,40,165,80
All OCR_141.jpg,379,101,P,169,41,187,80
All OCR_141.jpg,379,101,H,191,42,211,80
All OCR_141.jpg,379,101,N,215,42,235,81
All OCR_141.jpg,379,101,C,240,42,257,79
All OCR_141.jpg,379,101,0,261,43,278,80
All OCR_141.jpg,379,101,A,285,45,303,80
All OCR_141.jpg,379,101,1,307,42,325,82
All OCR_143.jpg,380,102,S,59,41,76,80
All OCR_143.jpg,380,102,K,82,41,101,80
All OCR_143.jpg,380,102,9,106,41,124,80
All OCR_143.jpg,380,102,K,128,43,146,81
All OCR_143.jpg,380,102,V,150,42,169,81
All OCR_143.jpg,380,102,6,173,43,190,82
All OCR_143.jpg,380,102,D,198,45,214,82
All OCR_143.jpg,380,102,Y,220,44,238,82
All OCR_143.jpg,380,102,C,244,44,260,83
All OCR_143.jpg,380,102,2,266,44,283,82
All OCR_143.jpg,380,102,A,288,46,307,83
All OCR_143.jpg,380,102,5,311,46,330,83
All OCR_146.jpg,373,98,G,57,41,75,79
All OCR_146.jpg,373,98,J,78,41,98,78
All OCR_146.jpg,373,98,7,102,40,119,78
All OCR_146.jpg,373,98,2,125,41,143,80
All OCR_146.jpg,373,98,S,147,41,166,80
All OCR_146.jpg,373,98,V,170,41,188,78
All OCR_146.jpg,373,98,C,193,41,211,80
All OCR_146.jpg,373,98,T,216,42,234,81
All OCR_146.jpg,373,98,A,238,43,258,80
All OCR_146.jpg,373,98,0,262,42,280,80
All OCR_146.jpg,373,98,B,284,42,303,80
All OCR_146.jpg,373,98,4,308,42,326,79
All OCR_147.jpg,376,100,G,51,40,69,77
All OCR_147.jpg,376,100,J,74,41,93,77
All OCR_147.jpg,376,100,7,98,41,115,78
All OCR_147.jpg,376,100,2,120,42,139,78
All OCR_147.jpg,376,100,P,143,42,161,77
All OCR_147.jpg,376,100,K,167,40,184,79
All OCR_147.jpg,376,100,B,189,41,206,79
All OCR_147.jpg,376,100,2,213,42,229,79
All OCR_147.jpg,376,100,J,236,43,255,79
All OCR_147.jpg,376,100,2,260,42,277,79
All OCR_147.jpg,376,100,G,282,42,300,78
All OCR_147.jpg,376,100,4,305,43,324,80
All OCR_148.jpg,380,103,S,58,41,75,79
All OCR_148.jpg,380,103,K,81,41,99,78
All OCR_148.jpg,380,103,K,127,40,144,79
All OCR_148.jpg,380,103,9,105,40,122,79
All OCR_148.jpg,380,103,V,150,42,168,79
All OCR_148.jpg,380,103,6,171,42,188,80
All OCR_148.jpg,380,103,C,196,43,212,80
All OCR_148.jpg,380,103,0,218,44,237,81
All OCR_148.jpg,380,103,X,241,43,259,81
All OCR_148.jpg,380,103,0,264,44,282,81
All OCR_148.jpg,380,103,F,287,44,305,82
All OCR_148.jpg,380,103,6,309,45,326,82
All OCR_149.jpg,381,102,S,58,44,76,82
All OCR_149.jpg,381,102,K,82,44,99,81
All OCR_149.jpg,381,102,K,127,43,146,82
All OCR_149.jpg,381,102,9,105,44,122,82
All OCR_149.jpg,381,102,V,150,43,166,81
All OCR_149.jpg,381,102,6,173,45,190,82
All OCR_149.jpg,381,102,E,196,44,214,82
All OCR_149.jpg,381,102,G,219,45,237,82
All OCR_149.jpg,381,102,Z,240,44,260,84
All OCR_149.jpg,381,102,0,263,46,281,83
All OCR_149.jpg,381,102,G,287,47,305,84
All OCR_149.jpg,381,102,5,309,47,328,84
All OCR_15.jpg,377,96,G,54,40,73,78
All OCR_15.jpg,377,96,J,76,42,95,76
All OCR_15.jpg,377,96,7,101,41,118,77
All OCR_15.jpg,377,96,2,122,40,140,78
All OCR_15.jpg,377,96,D,147,41,165,79
All OCR_15.jpg,377,96,5,169,41,188,78
All OCR_15.jpg,377,96,G,193,41,211,77
All OCR_15.jpg,377,96,N,215,41,233,79
All OCR_15.jpg,377,96,N,239,42,258,79
All OCR_15.jpg,377,96,1,262,40,281,79
All OCR_15.jpg,377,96,D,286,42,303,79
All OCR_15.jpg,377,96,2,308,42,326,79
All OCR_150.jpg,380,97,G,53,36,71,75
All OCR_150.jpg,380,97,J,76,38,95,75
All OCR_150.jpg,380,97,J,191,39,210,76
All OCR_150.jpg,380,97,7,99,37,118,73
All OCR_150.jpg,380,97,2,123,38,141,76
All OCR_150.jpg,380,97,S,146,38,164,75
All OCR_150.jpg,380,97,U,167,36,187,75
All OCR_150.jpg,380,97,9,215,38,233,75
All OCR_150.jpg,380,97,N,237,38,256,77
All OCR_150.jpg,380,97,2,261,38,277,76
All OCR_150.jpg,380,97,A,283,38,301,76
All OCR_150.jpg,380,97,3,304,37,324,77
All OCR_151.jpg,378,99,G,54,42,72,78
All OCR_151.jpg,378,99,J,78,42,96,78
All OCR_151.jpg,378,99,J,191,42,210,79
All OCR_151.jpg,378,99,7,101,41,118,78
All OCR_151.jpg,378,99,2,122,42,140,80
All OCR_151.jpg,378,99,S,146,41,164,79
All OCR_151.jpg,378,99,U,169,41,187,79
All OCR_151.jpg,378,99,G,215,42,233,79
All OCR_151.jpg,378,99,H,237,40,254,80
All OCR_151.jpg,378,99,0,259,40,277,79
All OCR_151.jpg,378,99,C,283,42,300,80
All OCR_151.jpg,378,99,5,306,41,323,80
All OCR_152.jpg,378,99,G,56,40,74,77
All OCR_152.jpg,378,99,G,215,40,233,79
All OCR_152.jpg,378,99,J,78,40,95,77
All OCR_152.jpg,378,99,J,192,42,211,78
All OCR_152.jpg,378,99,7,101,40,119,77
All OCR_152.jpg,378,99,2,125,40,142,78
All OCR_152.jpg,378,99,S,147,41,164,78
All OCR_152.jpg,378,99,U,169,40,188,78
All OCR_152.jpg,378,99,F,238,40,257,78
All OCR_152.jpg,378,99,F,282,42,301,79
All OCR_152.jpg,378,99,0,261,42,279,78
All OCR_152.jpg,378,99,2,306,40,323,79
All OCR_153.jpg,380,103,S,58,41,75,78
All OCR_153.jpg,380,103,K,80,41,99,79
All OCR_153.jpg,380,103,K,126,41,144,79
All OCR_153.jpg,380,103,V,149,41,168,79
All OCR_153.jpg,380,103,9,105,41,121,78
All OCR_153.jpg,380,103,6,172,42,190,79
All OCR_153.jpg,380,103,D,194,44,213,80
All OCR_153.jpg,380,103,8,217,43,235,80
All OCR_153.jpg,380,103,W,240,43,258,81
All OCR_153.jpg,380,103,0,263,44,282,82
All OCR_153.jpg,380,103,F,287,45,304,82
All OCR_153.jpg,380,103,0,308,45,328,83
All OCR_155.jpg,379,103,S,61,43,79,81
All OCR_155.jpg,379,103,K,83,42,102,82
All OCR_155.jpg,379,103,K,129,44,147,82
All OCR_155.jpg,379,103,9,107,44,125,80
All OCR_155.jpg,379,103,V,152,45,171,82
All OCR_155.jpg,379,103,6,175,44,193,83
All OCR_155.jpg,379,103,E,199,45,216,84
All OCR_155.jpg,379,103,2,221,46,239,84
All OCR_155.jpg,379,103,2,312,47,330,85
All OCR_155.jpg,379,103,C,244,47,262,84
All OCR_155.jpg,379,103,C,291,47,307,85
All OCR_155.jpg,379,103,1,267,46,285,85
All OCR_156.jpg,384,102,S,61,43,81,80
All OCR_156.jpg,384,102,K,85,43,103,81
All OCR_156.jpg,384,102,K,130,44,147,82
All OCR_156.jpg,384,102,9,107,43,125,81
All OCR_156.jpg,384,102,V,153,45,172,83
All OCR_156.jpg,384,102,6,176,45,194,83
All OCR_156.jpg,384,102,B,199,45,216,83
All OCR_156.jpg,384,102,W,221,45,240,82
All OCR_156.jpg,384,102,E,244,45,263,83
All OCR_156.jpg,384,102,1,268,44,285,83
All OCR_156.jpg,384,102,D,290,46,309,83
All OCR_156.jpg,384,102,2,313,45,332,82
All OCR_157.jpg,377,98,G,56,39,75,77
All OCR_157.jpg,377,98,J,78,39,97,78
All OCR_157.jpg,377,98,7,102,40,120,78
All OCR_157.jpg,377,98,2,125,40,142,78
All OCR_157.jpg,377,98,J,146,41,165,78
All OCR_157.jpg,377,98,U,170,39,189,79
All OCR_157.jpg,377,98,9,192,39,210,77
All OCR_157.jpg,377,98,5,215,40,234,77
All OCR_157.jpg,377,98,H,238,38,257,78
All OCR_157.jpg,377,98,H,283,38,302,80
All OCR_157.jpg,377,98,2,261,40,280,79
All OCR_157.jpg,377,98,2,307,41,325,79
All OCR_158.jpg,380,102,S,60,41,77,77
All OCR_158.jpg,380,102,K,82,40,102,79
All OCR_158.jpg,380,102,9,107,41,124,80
All OCR_158.jpg,380,102,K,128,41,147,79
All OCR_158.jpg,380,102,V,152,41,170,80
All OCR_158.jpg,380,102,6,174,43,192,80
All OCR_158.jpg,380,102,B,197,42,216,80
All OCR_158.jpg,380,102,U,220,43,239,82
All OCR_158.jpg,380,102,L,242,44,261,83
All OCR_158.jpg,380,102,1,267,43,284,83
All OCR_158.jpg,380,102,E,288,44,307,83
All OCR_158.jpg,380,102,0,311,45,329,84
All OCR_159.jpg,380,101,S,62,41,79,78
All OCR_159.jpg,380,101,K,84,39,102,78
All OCR_159.jpg,380,101,K,130,41,148,80
All OCR_159.jpg,380,101,9,108,40,125,79
All OCR_159.jpg,380,101,V,153,42,172,79
All OCR_159.jpg,380,101,6,177,41,194,80
All OCR_159.jpg,380,101,F,199,43,217,80
All OCR_159.jpg,380,101,F,222,44,239,81
All OCR_159.jpg,380,101,P,244,44,263,81
All OCR_159.jpg,380,101,2,267,44,286,81
All OCR_159.jpg,380,101,E,290,44,309,81
All OCR_159.jpg,380,101,0,313,44,333,82
All OCR_16.jpg,380,102,S,59,43,78,80
All OCR_16.jpg,380,102,K,82,42,99,80
All OCR_16.jpg,380,102,K,128,44,146,81
All OCR_16.jpg,380,102,9,105,43,123,82
All OCR_16.jpg,380,102,Y,151,43,168,80
All OCR_16.jpg,380,102,7,173,44,192,80
All OCR_16.jpg,380,102,B,197,44,215,81
All OCR_16.jpg,380,102,R,219,45,236,82
All OCR_16.jpg,380,102,A,242,45,262,83
All OCR_16.jpg,380,102,2,266,45,284,83
All OCR_16.jpg,380,102,B,287,46,306,83
All OCR_16.jpg,380,102,5,311,46,330,83
All OCR_160.jpg,380,101,S,58,42,77,80
All OCR_160.jpg,380,101,K,82,40,100,81
All OCR_160.jpg,380,101,9,104,41,123,79
All OCR_160.jpg,380,101,K,128,40,144,80
All OCR_160.jpg,380,101,V,150,42,169,80
All OCR_160.jpg,380,101,6,174,43,191,81
All OCR_160.jpg,380,101,B,196,42,215,81
All OCR_160.jpg,380,101,C,220,43,238,82
All OCR_160.jpg,380,101,E,242,42,261,81
All OCR_160.jpg,380,101,2,265,43,283,82
All OCR_160.jpg,380,101,G,287,43,307,82
All OCR_160.jpg,380,101,1,310,45,329,83
All OCR_161.jpg,375,100,G,53,38,71,74
All OCR_161.jpg,375,100,J,77,38,94,75
All OCR_161.jpg,375,100,7,99,38,117,75
All OCR_161.jpg,375,100,2,122,38,141,75
All OCR_161.jpg,375,100,P,145,38,164,75
All OCR_161.jpg,375,100,K,167,37,186,74
All OCR_161.jpg,375,100,9,192,38,210,75
All OCR_161.jpg,375,100,E,215,38,233,75
All OCR_161.jpg,375,100,P,237,38,256,76
All OCR_161.jpg,375,100,2,262,37,280,75
All OCR_161.jpg,375,100,C,285,38,302,76
All OCR_161.jpg,375,100,0,307,39,324,75
All OCR_163.jpg,379,102,S,56,41,76,80
All OCR_163.jpg,379,102,K,79,41,97,80
All OCR_163.jpg,379,102,K,125,42,144,80
All OCR_163.jpg,379,102,9,104,41,121,80
All OCR_163.jpg,379,102,V,148,42,169,81
All OCR_163.jpg,379,102,6,172,42,190,82
All OCR_163.jpg,379,102,E,195,43,212,82
All OCR_163.jpg,379,102,C,218,44,237,82
All OCR_163.jpg,379,102,T,241,45,258,83
All OCR_163.jpg,379,102,1,263,43,282,83
All OCR_163.jpg,379,102,E,287,44,304,83
All OCR_163.jpg,379,102,2,309,46,329,83
All OCR_164.jpg,376,100,G,57,40,76,75
All OCR_164.jpg,376,100,J,80,38,101,76
All OCR_164.jpg,376,100,7,104,39,121,76
All OCR_164.jpg,376,100,2,127,40,144,76
All OCR_164.jpg,376,100,P,150,39,168,77
All OCR_164.jpg,376,100,K,173,39,191,76
All OCR_164.jpg,376,100,K,196,40,214,76
All OCR_164.jpg,376,100,2,220,39,237,76
All OCR_164.jpg,376,100,P,241,40,261,77
All OCR_164.jpg,376,100,2,265,39,285,77
All OCR_164.jpg,376,100,C,289,40,306,78
All OCR_164.jpg,376,100,2,312,40,330,78
All OCR_165.jpg,380,102,S,59,41,77,79
All OCR_165.jpg,380,102,K,82,40,100,79
All OCR_165.jpg,380,102,K,128,41,145,81
All OCR_165.jpg,380,102,9,105,41,123,79
All OCR_165.jpg,380,102,V,150,41,170,80
All OCR_165.jpg,380,102,6,174,43,192,80
All OCR_165.jpg,380,102,F,197,43,215,81
All OCR_165.jpg,380,102,2,219,43,238,82
All OCR_165.jpg,380,102,B,242,43,261,81
All OCR_165.jpg,380,102,1,265,43,283,82
All OCR_165.jpg,380,102,E,288,44,307,83
All OCR_165.jpg,380,102,3,311,44,330,83
All OCR_166.jpg,374,98,G,51,40,71,80
All OCR_166.jpg,374,98,J,75,42,94,80
All OCR_166.jpg,374,98,7,97,42,116,80
All OCR_166.jpg,374,98,2,120,41,140,79
All OCR_166.jpg,374,98,S,144,41,161,79
All OCR_166.jpg,374,98,A,167,42,185,81
All OCR_166.jpg,374,98,H,188,41,206,80
All OCR_166.jpg,374,98,N,211,42,230,81
All OCR_166.jpg,374,98,L,236,42,254,80
All OCR_166.jpg,374,98,2,258,42,276,81
All OCR_166.jpg,374,98,E,280,43,301,81
All OCR_166.jpg,374,98,7,304,42,322,81
All OCR_167.jpg,381,100,S,56,47,75,86
All OCR_167.jpg,381,100,K,79,47,96,86
All OCR_167.jpg,381,100,K,126,48,144,87
All OCR_167.jpg,381,100,K,172,51,189,88
All OCR_167.jpg,381,100,9,102,47,120,86
All OCR_167.jpg,381,100,P,148,50,164,87
All OCR_167.jpg,381,100,4,196,50,214,88
All OCR_167.jpg,381,100,4,311,51,330,88
All OCR_167.jpg,381,100,7,219,50,236,87
All OCR_167.jpg,381,100,E,240,50,259,90
All OCR_167.jpg,381,100,0,263,50,282,89
All OCR_167.jpg,381,100,F,286,51,306,89
All OCR_17.jpg,381,102,S,52,44,71,82
All OCR_17.jpg,381,102,S,236,48,256,87
All OCR_17.jpg,381,102,K,74,44,93,83
All OCR_17.jpg,381,102,K,121,45,139,85
All OCR_17.jpg,381,102,9,98,46,117,83
All OCR_17.jpg,381,102,Z,144,45,161,85
All OCR_17.jpg,381,102,X,167,46,186,86
All OCR_17.jpg,381,102,4,191,47,209,86
All OCR_17.jpg,381,102,4,306,50,326,87
All OCR_17.jpg,381,102,2,214,47,232,86
All OCR_17.jpg,381,102,0,260,49,279,86
All OCR_17.jpg,381,102,C,284,48,301,86
All OCR_171.jpg,378,100,S,56,46,76,84
All OCR_171.jpg,378,100,K,81,46,100,83
All OCR_171.jpg,378,100,K,128,46,146,85
All OCR_171.jpg,378,100,K,175,48,193,86
All OCR_171.jpg,378,100,9,105,45,122,84
All OCR_171.jpg,378,100,P,151,48,169,85
All OCR_171.jpg,378,100,4,198,50,215,86
All OCR_171.jpg,378,100,8,220,48,238,87
All OCR_171.jpg,378,100,1,243,49,263,87
All OCR_171.jpg,378,100,0,267,49,286,87
All OCR_171.jpg,378,100,B,290,49,309,88
All OCR_171.jpg,378,100,3,314,48,331,88
All OCR_173.jpg,377,99,G,54,42,71,81
All OCR_173.jpg,377,99,J,76,44,95,81
All OCR_173.jpg,377,99,7,100,42,118,80
All OCR_173.jpg,377,99,4,123,42,142,81
All OCR_173.jpg,377,99,5,145,43,164,81
All OCR_173.jpg,377,99,3,169,42,185,82
All OCR_173.jpg,377,99,H,190,41,208,81
All OCR_173.jpg,377,99,6,214,43,232,82
All OCR_173.jpg,377,99,P,236,43,256,84
All OCR_173.jpg,377,99,1,260,42,277,81
All OCR_173.jpg,377,99,B,282,43,301,83
All OCR_173.jpg,377,99,1,305,42,324,83
All OCR_174.jpg,376,98,G,55,42,74,81
All OCR_174.jpg,376,98,J,78,43,98,81
All OCR_174.jpg,376,98,7,102,43,120,80
All OCR_174.jpg,376,98,4,125,43,143,81
All OCR_174.jpg,376,98,5,148,43,166,82
All OCR_174.jpg,376,98,3,172,43,189,80
All OCR_174.jpg,376,98,H,193,42,212,81
All OCR_174.jpg,376,98,C,216,42,234,81
All OCR_174.jpg,376,98,P,238,43,258,81
All OCR_174.jpg,376,98,1,262,43,281,82
All OCR_174.jpg,376,98,E,285,42,304,82
All OCR_174.jpg,376,98,6,307,43,327,81
All OCR_175.jpg,380,100,S,51,43,69,83
All OCR_175.jpg,380,100,K,73,44,92,82
All OCR_175.jpg,380,100,9,97,45,116,81
All OCR_175.jpg,380,100,K,120,44,138,83
All OCR_175.jpg,380,100,P,143,45,161,83
All OCR_175.jpg,380,100,L,165,46,183,84
All OCR_175.jpg,380,100,2,190,46,207,84
All OCR_175.jpg,380,100,Q,213,47,233,86
All OCR_175.jpg,380,100,A,236,49,254,87
All OCR_175.jpg,380,100,0,259,45,278,85
All OCR_175.jpg,380,100,A,282,49,301,86
All OCR_175.jpg,380,100,6,305,47,323,86
All OCR_176.jpg,378,99,G,55,40,73,77
All OCR_176.jpg,378,99,J,79,40,97,78
All OCR_176.jpg,378,99,7,102,40,120,77
All OCR_176.jpg,378,99,2,125,40,143,78
All OCR_176.jpg,378,99,9,147,40,165,77
All OCR_176.jpg,378,99,9,172,41,190,78
All OCR_176.jpg,378,99,I,194,40,213,79
All OCR_176.jpg,378,99,T,218,41,235,78
All OCR_176.jpg,378,99,L,240,40,259,78
All OCR_176.jpg,378,99,2,264,41,282,79
All OCR_176.jpg,378,99,C,288,41,305,79
All OCR_176.jpg,378,99,5,310,41,328,79
All OCR_177.jpg,376,99,G,49,42,68,80
All OCR_177.jpg,376,99,J,72,40,90,79
All OCR_177.jpg,376,99,7,94,41,113,79
All OCR_177.jpg,376,99,3,117,41,136,80
All OCR_177.jpg,376,99,H,140,42,159,81
All OCR_177.jpg,376,99,V,164,41,182,81
All OCR_177.jpg,376,99,H,186,42,204,79
All OCR_177.jpg,376,99,T,209,42,227,80
All OCR_177.jpg,376,99,C,232,43,249,79
All OCR_177.jpg,376,99,0,253,42,273,80
All OCR_177.jpg,376,99,F,277,43,295,79
All OCR_177.jpg,376,99,4,299,44,318,81
All OCR_178.jpg,375,102,G,53,40,72,78
All OCR_178.jpg,375,102,J,78,40,96,78
All OCR_178.jpg,375,102,7,101,41,119,78
All OCR_178.jpg,375,102,2,124,41,143,78
All OCR_178.jpg,375,102,9,147,41,166,79
All OCR_178.jpg,375,102,9,170,41,188,78
All OCR_178.jpg,375,102,H,193,39,212,79
All OCR_178.jpg,375,102,O,217,42,235,79
All OCR_178.jpg,375,102,P,238,42,256,80
All OCR_178.jpg,375,102,2,263,41,281,79
All OCR_178.jpg,375,102,B,286,42,304,78
All OCR_178.jpg,375,102,1,309,41,328,79
All OCR_179.jpg,378,100,S,53,42,70,80
All OCR_179.jpg,378,100,K,74,42,93,80
All OCR_179.jpg,378,100,K,120,43,140,82
All OCR_179.jpg,378,100,9,99,41,116,80
All OCR_179.jpg,378,100,P,143,44,162,81
All OCR_179.jpg,378,100,N,165,44,185,83
All OCR_179.jpg,378,100,D,190,44,208,83
All OCR_179.jpg,378,100,O,213,46,230,84
All OCR_179.jpg,378,100,A,236,46,253,85
All OCR_179.jpg,378,100,0,258,46,277,84
All OCR_179.jpg,378,100,F,281,46,301,84
All OCR_179.jpg,378,100,1,305,45,323,85
All OCR_180.jpg,378,99,G,59,35,78,74
All OCR_180.jpg,378,99,J,82,37,101,74
All OCR_180.jpg,378,99,7,105,37,124,74
All OCR_180.jpg,378,99,2,129,37,146,74
All OCR_180.jpg,378,99,2,310,37,330,76
All OCR_180.jpg,378,99,H,151,37,169,76
All OCR_180.jpg,378,99,N,173,37,192,75
All OCR_180.jpg,378,99,K,197,37,214,75
All OCR_180.jpg,378,99,8,219,37,238,75
All OCR_180.jpg,378,99,N,241,36,261,74
All OCR_180.jpg,378,99,1,265,38,285,76
All OCR_180.jpg,378,99,D,288,36,306,77
All OCR_181.jpg,380,102,S,53,42,72,80
All OCR_181.jpg,380,102,K,75,43,94,80
All OCR_181.jpg,380,102,9,100,41,116,81
All OCR_181.jpg,380,102,L,122,42,140,80
All OCR_181.jpg,380,102,6,145,42,162,81
All OCR_181.jpg,380,102,M,168,41,186,80
All OCR_181.jpg,380,102,3,191,43,208,81
All OCR_181.jpg,380,102,3,305,44,324,84
All OCR_181.jpg,380,102,B,212,43,230,83
All OCR_181.jpg,380,102,B,237,42,255,82
All OCR_181.jpg,380,102,B,281,45,300,84
All OCR_181.jpg,380,102,2,259,43,278,82
All OCR_182.jpg,377,98,G,50,38,68,76
All OCR_182.jpg,377,98,J,73,37,91,77
All OCR_182.jpg,377,98,7,96,38,114,77
All OCR_182.jpg,377,98,4,118,38,135,76
All OCR_182.jpg,377,98,9,141,38,159,76
All OCR_182.jpg,377,98,B,163,38,183,78
All OCR_182.jpg,377,98,F,186,39,206,78
All OCR_182.jpg,377,98,4,208,39,228,77
All OCR_182.jpg,377,98,N,231,38,249,78
All OCR_182.jpg,377,98,1,254,39,275,79
All OCR_182.jpg,377,98,E,278,38,297,78
All OCR_182.jpg,377,98,1,300,40,319,79
All OCR_183.jpg,376,98,G,50,43,70,80
All OCR_183.jpg,376,98,J,73,42,93,80
All OCR_183.jpg,376,98,7,97,42,115,80
All OCR_183.jpg,376,98,3,120,41,139,81
All OCR_183.jpg,376,98,H,143,42,162,81
All OCR_183.jpg,376,98,V,167,42,185,81
All OCR_183.jpg,376,98,H,189,43,208,82
All OCR_183.jpg,376,98,M,212,40,231,81
All OCR_183.jpg,376,98,N,234,42,254,82
All OCR_183.jpg,376,98,2,259,42,276,81
All OCR_183.jpg,376,98,A,281,43,301,82
All OCR_183.jpg,376,98,5,303,42,322,80
All OCR_184.jpg,377,99,G,52,41,71,79
All OCR_184.jpg,377,99,J,75,43,93,80
All OCR_184.jpg,377,99,7,97,42,115,79
All OCR_184.jpg,377,99,3,120,42,138,80
All OCR_184.jpg,377,99,H,142,42,161,80
All OCR_184.jpg,377,99,V,165,42,183,81
All OCR_184.jpg,377,99,H,189,42,207,81
All OCR_184.jpg,377,99,N,213,41,230,81
All OCR_184.jpg,377,99,D,234,42,252,81
All OCR_184.jpg,377,99,0,257,42,275,81
All OCR_184.jpg,377,99,E,279,44,297,82
All OCR_184.jpg,377,99,4,303,43,320,81
All OCR_185.jpg,376,99,G,52,43,72,81
All OCR_185.jpg,376,99,J,75,44,93,81
All OCR_185.jpg,376,99,7,99,43,117,80
All OCR_185.jpg,376,99,3,122,43,139,81
All OCR_185.jpg,376,99,H,143,42,162,81
All OCR_185.jpg,376,99,V,167,42,185,83
All OCR_185.jpg,376,99,H,189,42,208,81
All OCR_185.jpg,376,99,N,212,42,231,82
All OCR_185.jpg,376,99,P,234,42,253,82
All OCR_185.jpg,376,99,2,258,43,276,83
All OCR_185.jpg,376,99,C,281,44,299,82
All OCR_185.jpg,376,99,2,304,44,322,83
All OCR_188.jpg,377,102,G,54,42,72,81
All OCR_188.jpg,377,102,J,76,45,94,81
All OCR_188.jpg,377,102,7,99,44,118,80
All OCR_188.jpg,377,102,3,123,42,140,82
All OCR_188.jpg,377,102,H,146,43,164,82
All OCR_188.jpg,377,102,N,168,43,187,81
All OCR_188.jpg,377,102,G,191,44,210,82
All OCR_188.jpg,377,102,8,214,43,232,82
All OCR_188.jpg,377,102,H,235,44,254,82
All OCR_188.jpg,377,102,0,258,44,276,83
All OCR_188.jpg,377,102,E,282,45,301,83
All OCR_188.jpg,377,102,1,305,44,324,83
All OCR_189.jpg,381,101,S,50,44,70,83
All OCR_189.jpg,381,101,K,75,46,94,84
All OCR_189.jpg,381,101,9,99,47,117,85
All OCR_189.jpg,381,101,K,122,47,139,85
All OCR_189.jpg,381,101,Z,145,47,162,85
All OCR_189.jpg,381,101,W,168,46,187,86
All OCR_189.jpg,381,101,5,192,47,210,86
All OCR_189.jpg,381,101,8,215,48,234,86
All OCR_189.jpg,381,101,B,238,49,257,87
All OCR_189.jpg,381,101,2,262,47,280,88
All OCR_189.jpg,381,101,G,285,48,303,88
All OCR_189.jpg,381,101,4,307,51,327,88
All OCR_19.jpg,380,102,S,54,44,74,84
All OCR_19.jpg,380,102,K,77,45,94,84
All OCR_19.jpg,380,102,K,123,45,140,84
All OCR_19.jpg,380,102,9,101,45,119,83
All OCR_19.jpg,380,102,Z,146,45,164,85
All OCR_19.jpg,380,102,X,169,46,188,85
All OCR_19.jpg,380,102,E,192,47,210,85
All OCR_19.jpg,380,102,4,215,47,234,85
All OCR_19.jpg,380,102,B,239,47,257,85
All OCR_19.jpg,380,102,1,262,47,280,86
All OCR_19.jpg,380,102,C,285,49,303,87
All OCR_19.jpg,380,102,2,308,48,327,87
All OCR_190.jpg,377,101,G,55,41,75,77
All OCR_190.jpg,377,101,J,80,40,99,77
All OCR_190.jpg,377,101,7,102,38,120,76
All OCR_190.jpg,377,101,2,126,39,145,78
All OCR_190.jpg,377,101,6,149,40,168,77
All OCR_190.jpg,377,101,N,171,40,191,77
All OCR_190.jpg,377,101,J,193,39,212,77
All OCR_190.jpg,377,101,A,216,42,234,78
All OCR_190.jpg,377,101,N,238,40,258,78
All OCR_190.jpg,377,101,1,262,40,279,78
All OCR_190.jpg,377,101,A,285,41,304,78
All OCR_190.jpg,377,101,6,308,40,326,78
All OCR_191.jpg,377,101,G,59,41,79,79
All OCR_191.jpg,377,101,J,81,40,100,80
All OCR_191.jpg,377,101,7,105,41,123,79
All OCR_191.jpg,377,101,2,127,41,144,80
All OCR_191.jpg,377,101,6,150,41,168,80
All OCR_191.jpg,377,101,N,172,41,192,79
All OCR_191.jpg,377,101,I,196,41,212,81
All OCR_191.jpg,377,101,C,218,41,236,80
All OCR_191.jpg,377,101,Z,240,41,259,80
All OCR_191.jpg,377,101,1,264,40,283,81
All OCR_191.jpg,377,101,D,288,41,306,81
All OCR_191.jpg,377,101,6,310,41,329,80
All OCR_192.jpg,378,101,G,60,40,79,79
All OCR_192.jpg,378,101,J,81,40,99,78
All OCR_192.jpg,378,101,7,104,41,123,78
All OCR_192.jpg,378,101,2,126,40,145,79
All OCR_192.jpg,378,101,2,263,41,283,79
All OCR_192.jpg,378,101,2,309,41,329,79
All OCR_192.jpg,378,101,6,150,40,168,79
All OCR_192.jpg,378,101,N,173,40,192,79
All OCR_192.jpg,378,101,F,195,40,212,79
All OCR_192.jpg,378,101,S,218,40,237,80
All OCR_192.jpg,378,101,L,240,39,259,79
All OCR_192.jpg,378,101,C,288,40,304,80
All OCR_193.jpg,379,100,S,53,40,72,80
All OCR_193.jpg,379,100,K,76,42,95,79
All OCR_193.jpg,379,100,K,123,42,142,80
All OCR_193.jpg,379,100,9,100,41,118,79
All OCR_193.jpg,379,100,P,146,43,166,80
All OCR_193.jpg,379,100,L,170,42,189,82
All OCR_193.jpg,379,100,1,193,42,212,82
All OCR_193.jpg,379,100,U,217,42,235,82
All OCR_193.jpg,379,100,A,239,43,259,82
All OCR_193.jpg,379,100,0,263,44,282,82
All OCR_193.jpg,379,100,F,286,45,304,83
All OCR_193.jpg,379,100,7,309,45,331,82
All OCR_194.jpg,378,98,G,55,39,73,76
All OCR_194.jpg,378,98,J,77,38,95,78
All OCR_194.jpg,378,98,J,218,39,235,77
All OCR_194.jpg,378,98,7,102,39,119,76
All OCR_194.jpg,378,98,3,125,40,143,76
All OCR_194.jpg,378,98,4,148,40,166,77
All OCR_194.jpg,378,98,0,171,40,189,76
All OCR_194.jpg,378,98,2,195,39,211,77
All OCR_194.jpg,378,98,B,240,39,259,77
All OCR_194.jpg,378,98,1,263,38,281,78
All OCR_194.jpg,378,98,E,287,39,304,78
All OCR_194.jpg,378,98,6,309,40,328,78
All OCR_195.jpg,378,102,S,55,40,73,77
All OCR_195.jpg,378,102,K,77,38,95,78
All OCR_195.jpg,378,102,9,100,39,118,77
All OCR_195.jpg,378,102,L,123,39,140,80
All OCR_195.jpg,378,102,6,146,39,164,78
All OCR_195.jpg,378,102,N,169,39,187,80
All OCR_195.jpg,378,102,2,192,40,210,80
All OCR_195.jpg,378,102,P,213,40,233,80
All OCR_195.jpg,378,102,X,237,39,258,80
All OCR_195.jpg,378,102,0,260,40,277,81
All OCR_195.jpg,378,102,F,282,43,301,82
All OCR_195.jpg,378,102,6,306,42,324,81
All OCR_196.jpg,379,101,S,54,38,73,78
All OCR_196.jpg,379,101,K,77,38,96,78
All OCR_196.jpg,379,101,9,100,39,119,79
All OCR_196.jpg,379,101,L,124,39,141,79
All OCR_196.jpg,379,101,6,146,40,165,80
All OCR_196.jpg,379,101,N,169,39,188,81
All OCR_196.jpg,379,101,2,192,40,210,81
All OCR_196.jpg,379,101,P,214,40,232,80
All OCR_196.jpg,379,101,V,237,41,256,82
All OCR_196.jpg,379,101,0,261,40,278,82
All OCR_196.jpg,379,101,0,307,41,324,82
All OCR_196.jpg,379,101,B,282,41,302,83
All OCR_197.jpg,376,97,G,57,40,77,78
All OCR_197.jpg,376,97,J,80,39,99,78
All OCR_197.jpg,376,97,7,104,40,122,78
All OCR_197.jpg,376,97,2,126,40,144,79
All OCR_197.jpg,376,97,P,147,40,167,79
All OCR_197.jpg,376,97,8,170,40,191,79
All OCR_197.jpg,376,97,3,194,40,212,80
All OCR_197.jpg,376,97,F,216,41,235,79
All OCR_197.jpg,376,97,B,239,40,259,79
All OCR_197.jpg,376,97,0,262,41,281,79
All OCR_197.jpg,376,97,A,284,41,303,80
All OCR_197.jpg,376,97,6,307,41,326,80
All OCR_198.jpg,380,102,S,54,38,73,77
All OCR_198.jpg,380,102,K,77,36,96,78
All OCR_198.jpg,380,102,9,102,39,118,79
All OCR_198.jpg,380,102,L,124,39,142,78
All OCR_198.jpg,380,102,6,147,38,165,78
All OCR_198.jpg,380,102,N,169,38,188,80
All OCR_198.jpg,380,102,2,193,40,211,81
All OCR_198.jpg,380,102,O,216,41,233,82
All OCR_198.jpg,380,102,M,238,41,256,82
All OCR_198.jpg,380,102,2,260,41,279,82
All OCR_198.jpg,380,102,D,285,41,303,82
All OCR_198.jpg,380,102,5,307,42,326,83
All OCR_199.jpg,380,102,S,55,40,74,76
All OCR_199.jpg,380,102,K,79,38,98,77
All OCR_199.jpg,380,102,9,103,40,120,78
All OCR_199.jpg,380,102,L,125,39,143,79
All OCR_199.jpg,380,102,6,147,39,166,78
All OCR_199.jpg,380,102,N,170,40,190,79
All OCR_199.jpg,380,102,2,194,40,212,79
All OCR_199.jpg,380,102,P,216,41,234,80
All OCR_199.jpg,380,102,Y,239,42,258,79
All OCR_199.jpg,380,102,0,263,41,280,79
All OCR_199.jpg,380,102,A,285,42,304,81
All OCR_199.jpg,380,102,6,308,43,326,83
All OCR_2.jpg,380,102,S,55,41,75,79
All OCR_2.jpg,380,102,K,80,40,98,79
All OCR_2.jpg,380,102,K,126,40,143,79
All OCR_2.jpg,380,102,9,103,40,121,78
All OCR_2.jpg,380,102,S,149,42,168,80
All OCR_2.jpg,380,102,3,173,42,190,81
All OCR_2.jpg,380,102,2,195,44,213,81
All OCR_2.jpg,380,102,2,265,44,281,82
All OCR_2.jpg,380,102,V,219,44,237,81
All OCR_2.jpg,380,102,N,241,44,260,82
All OCR_2.jpg,380,102,A,286,45,303,83
All OCR_2.jpg,380,102,7,310,45,328,82
All OCR_20.jpg,378,101,S,48,48,66,86
All OCR_20.jpg,378,101,K,71,48,88,87
All OCR_20.jpg,378,101,K,117,49,135,87
All OCR_20.jpg,378,101,9,94,48,113,86
All OCR_20.jpg,378,101,Z,140,48,158,87
All OCR_20.jpg,378,101,X,163,50,182,86
All OCR_20.jpg,378,101,D,187,49,204,87
All OCR_20.jpg,378,101,H,210,50,228,88
All OCR_20.jpg,378,101,H,279,51,298,89
All OCR_20.jpg,378,101,A,233,51,253,89
All OCR_20.jpg,378,101,0,256,51,275,90
All OCR_20.jpg,378,101,2,302,52,321,90
All OCR_200.jpg,380,100,S,59,42,77,81
All OCR_200.jpg,380,100,K,82,42,98,80
All OCR_200.jpg,380,100,K,128,44,144,82
All OCR_200.jpg,380,100,9,105,45,123,82
All OCR_200.jpg,380,100,S,149,45,168,82
All OCR_200.jpg,380,100,2,173,46,191,82
All OCR_200.jpg,380,100,4,194,46,214,83
All OCR_200.jpg,380,100,U,218,45,235,84
All OCR_200.jpg,380,100,Y,241,45,260,84
All OCR_200.jpg,380,100,1,263,44,282,84
All OCR_200.jpg,380,100,D,287,46,305,85
All OCR_200.jpg,380,100,6,309,47,327,85
All OCR_201.jpg,376,100,G,56,42,76,80
All OCR_201.jpg,376,100,J,79,41,97,79
All OCR_201.jpg,376,100,7,102,41,120,79
All OCR_201.jpg,376,100,2,124,42,141,80
All OCR_201.jpg,376,100,6,146,42,166,80
All OCR_201.jpg,376,100,M,170,42,189,81
All OCR_201.jpg,376,100,A,192,43,212,80
All OCR_201.jpg,376,100,V,216,42,235,80
All OCR_201.jpg,376,100,X,238,42,257,80
All OCR_201.jpg,376,100,1,261,41,280,80
All OCR_201.jpg,376,100,A,284,44,303,81
All OCR_201.jpg,376,100,3,307,41,326,81
All OCR_202.jpg,381,100,S,53,40,72,79
All OCR_202.jpg,381,100,K,76,41,95,78
All OCR_202.jpg,381,100,K,123,40,141,79
All OCR_202.jpg,381,100,9,101,40,118,79
All OCR_202.jpg,381,100,P,145,42,165,80
All OCR_202.jpg,381,100,L,170,42,187,81
All OCR_202.jpg,381,100,1,193,42,211,82
All OCR_202.jpg,381,100,C,216,43,235,81
All OCR_202.jpg,381,100,O,238,43,256,82
All OCR_202.jpg,381,100,2,263,43,281,84
All OCR_202.jpg,381,100,F,285,44,305,83
All OCR_202.jpg,381,100,5,308,45,326,83
All OCR_203.jpg,379,100,S,53,43,71,81
All OCR_203.jpg,379,100,K,75,41,94,81
All OCR_203.jpg,379,100,9,98,43,117,81
All OCR_203.jpg,379,100,K,121,43,141,81
All OCR_203.jpg,379,100,P,143,44,163,82
All OCR_203.jpg,379,100,N,167,45,185,84
All OCR_203.jpg,379,100,D,192,44,210,83
All OCR_203.jpg,379,100,A,213,45,232,84
All OCR_203.jpg,379,100,A,236,45,255,85
All OCR_203.jpg,379,100,0,259,46,276,84
All OCR_203.jpg,379,100,E,282,46,300,84
All OCR_203.jpg,379,100,5,305,46,324,85
All OCR_204.jpg,380,102,S,59,41,78,80
All OCR_204.jpg,380,102,K,82,41,101,80
All OCR_204.jpg,380,102,K,126,43,145,81
All OCR_204.jpg,380,102,9,104,43,123,82
All OCR_204.jpg,380,102,V,150,44,168,82
All OCR_204.jpg,380,102,6,172,44,191,83
All OCR_204.jpg,380,102,6,310,45,328,84
All OCR_204.jpg,380,102,D,195,46,214,83
All OCR_204.jpg,380,102,U,219,45,237,83
All OCR_204.jpg,380,102,O,241,47,258,85
All OCR_204.jpg,380,102,2,264,46,282,84
All OCR_204.jpg,380,102,E,288,45,306,85
All OCR_205.jpg,377,99,G,55,40,74,78
All OCR_205.jpg,377,99,J,78,40,96,79
All OCR_205.jpg,377,99,7,101,41,118,78
All OCR_205.jpg,377,99,2,124,41,142,80
All OCR_205.jpg,377,99,J,147,41,166,80
All OCR_205.jpg,377,99,H,169,40,187,80
All OCR_205.jpg,377,99,A,192,41,211,79
All OCR_205.jpg,377,99,3,214,40,234,80
All OCR_205.jpg,377,99,K,238,40,256,79
All OCR_205.jpg,377,99,2,261,41,280,80
All OCR_205.jpg,377,99,B,283,41,302,80
All OCR_205.jpg,377,99,5,306,41,324,81
All OCR_206.jpg,378,97,G,53,38,72,76
All OCR_206.jpg,378,97,J,75,39,95,78
All OCR_206.jpg,378,97,7,99,39,117,77
All OCR_206.jpg,378,97,7,212,39,230,76
All OCR_206.jpg,378,97,2,121,38,142,77
All OCR_206.jpg,378,97,J,144,39,162,78
All OCR_206.jpg,378,97,H,166,39,186,78
All OCR_206.jpg,378,97,A,189,39,207,77
All OCR_206.jpg,378,97,K,236,38,254,77
All OCR_206.jpg,378,97,1,259,39,277,78
All OCR_206.jpg,378,97,E,281,38,300,77
All OCR_206.jpg,378,97,4,304,39,322,77
All OCR_207.jpg,377,99,G,56,42,74,81
All OCR_207.jpg,377,99,J,79,44,97,81
All OCR_207.jpg,377,99,7,102,43,120,81
All OCR_207.jpg,377,99,2,123,43,142,81
All OCR_207.jpg,377,99,2,192,43,210,81
All OCR_207.jpg,377,99,2,261,44,280,82
All OCR_207.jpg,377,99,P,147,43,166,81
All OCR_207.jpg,377,99,9,170,42,188,80
All OCR_207.jpg,377,99,O,215,45,234,82
All OCR_207.jpg,377,99,L,238,44,256,82
All OCR_207.jpg,377,99,E,284,43,302,81
All OCR_207.jpg,377,99,4,307,45,325,82
All OCR_208.jpg,380,101,S,58,40,76,78
All OCR_208.jpg,380,101,K,81,41,99,78
All OCR_208.jpg,380,101,K,127,40,143,78
All OCR_208.jpg,380,101,9,105,41,121,80
All OCR_208.jpg,380,101,S,149,42,168,79
All OCR_208.jpg,380,101,3,171,43,191,79
All OCR_208.jpg,380,101,3,196,41,213,81
All OCR_208.jpg,380,101,2,218,42,236,80
All OCR_208.jpg,380,101,2,265,44,282,82
All OCR_208.jpg,380,101,M,240,44,258,82
All OCR_208.jpg,380,101,E,287,44,306,82
All OCR_208.jpg,380,101,7,310,44,328,83
All OCR_209.jpg,378,99,G,54,41,72,79
All OCR_209.jpg,378,99,J,76,41,96,79
All OCR_209.jpg,378,99,7,100,40,117,79
All OCR_209.jpg,378,99,7,191,40,209,78
All OCR_209.jpg,378,99,2,123,39,141,80
All OCR_209.jpg,378,99,R,145,39,163,81
All OCR_209.jpg,378,99,6,168,40,187,80
All OCR_209.jpg,378,99,C,214,41,231,80
All OCR_209.jpg,378,99,L,236,41,254,79
All OCR_209.jpg,378,99,1,258,40,278,79
All OCR_209.jpg,378,99,1,305,41,323,80
All OCR_209.jpg,378,99,C,282,40,300,80
All OCR_21.jpg,380,101,S,51,44,73,84
All OCR_21.jpg,380,101,K,75,43,93,83
All OCR_21.jpg,380,101,K,121,45,139,84
All OCR_21.jpg,380,101,K,238,45,257,85
All OCR_21.jpg,380,101,9,99,44,118,82
All OCR_21.jpg,380,101,Z,146,44,164,85
All OCR_21.jpg,380,101,X,169,46,187,82
All OCR_21.jpg,380,101,E,192,44,210,85
All OCR_21.jpg,380,101,B,215,45,233,85
All OCR_21.jpg,380,101,B,285,47,304,87
All OCR_21.jpg,380,101,2,262,46,280,86
All OCR_21.jpg,380,101,3,309,46,327,87
All OCR_210.jpg,379,101,S,55,43,74,80
All OCR_210.jpg,379,101,S,147,43,165,82
All OCR_210.jpg,379,101,K,78,41,95,80
All OCR_210.jpg,379,101,K,124,44,141,81
All OCR_210.jpg,379,101,9,103,44,120,83
All OCR_210.jpg,379,101,2,170,45,186,82
All OCR_210.jpg,379,101,2,194,45,210,82
All OCR_210.jpg,379,101,2,308,47,325,86
All OCR_210.jpg,379,101,N,214,46,232,84
All OCR_210.jpg,379,101,O,238,47,256,84
All OCR_210.jpg,379,101,1,262,46,279,83
All OCR_210.jpg,379,101,A,284,48,302,85
All OCR_211.jpg,378,98,G,59,43,77,79
All OCR_211.jpg,378,98,J,82,43,99,79
All OCR_211.jpg,378,98,7,103,42,122,78
All OCR_211.jpg,378,98,2,126,43,143,79
All OCR_211.jpg,378,98,2,266,43,283,80
All OCR_211.jpg,378,98,2,311,43,330,80
All OCR_211.jpg,378,98,P,150,43,168,80
All OCR_211.jpg,378,98,B,173,43,191,80
All OCR_211.jpg,378,98,3,195,41,212,80
All OCR_211.jpg,378,98,X,219,43,238,80
All OCR_211.jpg,378,98,N,240,43,260,81
All OCR_211.jpg,378,98,H,287,43,305,81
All OCR_212.jpg,378,98,G,56,41,74,77
All OCR_212.jpg,378,98,J,79,43,97,77
All OCR_212.jpg,378,98,7,104,41,120,77
All OCR_212.jpg,378,98,2,126,41,145,78
All OCR_212.jpg,378,98,P,149,42,167,78
All OCR_212.jpg,378,98,B,172,42,191,79
All OCR_212.jpg,378,98,B,241,43,259,79
All OCR_212.jpg,378,98,3,196,41,212,79
All OCR_212.jpg,378,98,W,219,42,237,79
All OCR_212.jpg,378,98,2,266,43,284,80
All OCR_212.jpg,378,98,E,289,41,306,80
All OCR_212.jpg,378,98,0,312,43,331,80
All OCR_214.jpg,378,99,G,54,45,71,82
All OCR_214.jpg,378,99,H,76,45,95,82
All OCR_214.jpg,378,99,7,99,44,118,82
All OCR_214.jpg,378,99,2,122,44,141,83
All OCR_214.jpg,378,99,P,144,45,163,82
All OCR_214.jpg,378,99,P,213,44,230,82
All OCR_214.jpg,378,99,9,168,45,185,83
All OCR_214.jpg,378,99,2,191,45,208,83
All OCR_214.jpg,378,99,B,235,45,254,83
All OCR_214.jpg,378,99,B,280,46,299,83
All OCR_214.jpg,378,99,0,259,46,276,83
All OCR_214.jpg,378,99,0,304,45,323,83
All OCR_215.jpg,378,101,S,49,45,67,82
All OCR_215.jpg,378,101,K,73,46,91,83
All OCR_215.jpg,378,101,K,119,47,138,84
All OCR_215.jpg,378,101,9,96,45,114,83
All OCR_215.jpg,378,101,Z,142,46,159,84
All OCR_215.jpg,378,101,X,164,45,184,85
All OCR_215.jpg,378,101,0,188,47,206,85
All OCR_215.jpg,378,101,9,212,47,230,85
All OCR_215.jpg,378,101,Y,234,46,255,86
All OCR_215.jpg,378,101,1,258,47,276,86
All OCR_215.jpg,378,101,F,281,46,300,87
All OCR_215.jpg,378,101,6,304,47,323,87
All OCR_216.jpg,377,97,G,53,40,73,76
All OCR_216.jpg,377,97,J,77,40,95,77
All OCR_216.jpg,377,97,7,100,41,118,77
All OCR_216.jpg,377,97,2,123,41,142,77
All OCR_216.jpg,377,97,O,146,42,165,77
All OCR_216.jpg,377,97,7,170,40,187,78
All OCR_216.jpg,377,97,A,192,41,213,78
All OCR_216.jpg,377,97,3,215,39,234,77
All OCR_216.jpg,377,97,N,239,40,259,78
All OCR_216.jpg,377,97,1,262,40,282,79
All OCR_216.jpg,377,97,E,285,39,305,77
All OCR_216.jpg,377,97,0,309,39,328,78
All OCR_218.jpg,377,98,G,53,41,71,79
All OCR_218.jpg,377,98,J,75,42,94,79
All OCR_218.jpg,377,98,7,99,41,117,79
All OCR_218.jpg,377,98,7,168,42,186,79
All OCR_218.jpg,377,98,7,308,43,326,79
All OCR_218.jpg,377,98,2,123,42,142,79
All OCR_218.jpg,377,98,O,145,44,164,79
All OCR_218.jpg,377,98,A,191,44,211,79
All OCR_218.jpg,377,98,X,215,42,233,80
All OCR_218.jpg,377,98,I,237,43,255,80
All OCR_218.jpg,377,98,1,261,41,279,81
All OCR_218.jpg,377,98,B,284,42,301,80
All OCR_219.jpg,378,104,S,59,43,78,81
All OCR_219.jpg,378,104,K,81,43,99,81
All OCR_219.jpg,378,104,K,126,44,146,83
All OCR_219.jpg,378,104,9,105,44,123,83
All OCR_219.jpg,378,104,W,151,43,169,83
All OCR_219.jpg,378,104,8,173,44,191,83
All OCR_219.jpg,378,104,B,196,46,213,85
All OCR_219.jpg,378,104,Y,218,46,237,84
All OCR_219.jpg,378,104,V,242,46,260,85
All OCR_219.jpg,378,104,0,265,48,283,86
All OCR_219.jpg,378,104,H,287,48,305,85
All OCR_219.jpg,378,104,1,310,46,329,86
All OCR_22.jpg,379,102,S,53,46,73,83
All OCR_22.jpg,379,102,K,77,47,96,84
All OCR_22.jpg,379,102,K,122,47,141,85
All OCR_22.jpg,379,102,9,100,47,119,83
All OCR_22.jpg,379,102,Z,148,47,167,85
All OCR_22.jpg,379,102,X,170,48,189,85
All OCR_22.jpg,379,102,E,194,47,213,86
All OCR_22.jpg,379,102,4,216,48,235,86
All OCR_22.jpg,379,102,J,240,47,258,85
All OCR_22.jpg,379,102,2,262,48,281,86
All OCR_22.jpg,379,102,F,285,48,304,87
All OCR_22.jpg,379,102,7,310,50,328,86
All OCR_220.jpg,381,102,S,49,43,69,81
All OCR_220.jpg,381,102,K,74,41,92,81
All OCR_220.jpg,381,102,9,97,44,115,81
All OCR_220.jpg,381,102,K,120,45,138,83
All OCR_220.jpg,381,102,Z,142,44,162,82
All OCR_220.jpg,381,102,X,166,43,184,82
All OCR_220.jpg,381,102,0,188,44,207,81
All OCR_220.jpg,381,102,L,213,46,231,83
All OCR_220.jpg,381,102,M,236,47,254,83
All OCR_220.jpg,381,102,2,260,46,278,84
All OCR_220.jpg,381,102,F,283,46,301,85
All OCR_220.jpg,381,102,6,306,46,322,85
All OCR_221.jpg,379,102,S,53,42,72,80
All OCR_221.jpg,379,102,K,77,40,94,79
All OCR_221.jpg,379,102,9,99,41,118,80
All OCR_221.jpg,379,102,L,121,43,140,80
All OCR_221.jpg,379,102,6,145,42,164,82
All OCR_221.jpg,379,102,M,167,43,187,82
All OCR_221.jpg,379,102,1,191,41,209,82
All OCR_221.jpg,379,102,G,214,41,233,83
All OCR_221.jpg,379,102,T,237,43,255,83
All OCR_221.jpg,379,102,1,259,42,278,84
All OCR_221.jpg,379,102,D,282,43,301,84
All OCR_221.jpg,379,102,3,306,43,324,85
All OCR_222.jpg,376,99,G,52,36,70,75
All OCR_222.jpg,376,99,J,75,38,94,75
All OCR_222.jpg,376,99,7,98,37,117,76
All OCR_222.jpg,376,99,3,121,38,141,76
All OCR_222.jpg,376,99,O,144,37,163,76
All OCR_222.jpg,376,99,O,213,39,232,76
All OCR_222.jpg,376,99,A,168,37,186,76
All OCR_222.jpg,376,99,H,189,36,209,76
All OCR_222.jpg,376,99,I,235,37,252,76
All OCR_222.jpg,376,99,0,259,38,276,76
All OCR_222.jpg,376,99,E,282,37,301,77
All OCR_222.jpg,376,99,6,305,38,323,77
All OCR_223.jpg,377,99,G,53,39,72,76
All OCR_223.jpg,377,99,J,77,37,95,76
All OCR_223.jpg,377,99,7,99,38,118,76
All OCR_223.jpg,377,99,3,123,37,141,75
All OCR_223.jpg,377,99,3,306,38,324,78
All OCR_223.jpg,377,99,O,144,40,163,77
All OCR_223.jpg,377,99,A,167,40,187,76
All OCR_223.jpg,377,99,H,191,37,210,77
All OCR_223.jpg,377,99,N,214,38,232,78
All OCR_223.jpg,377,99,C,238,36,257,77
All OCR_223.jpg,377,99,1,259,39,279,78
All OCR_223.jpg,377,99,A,283,39,300,77
All OCR_225.jpg,377,99,F,52,39,72,77
All OCR_225.jpg,377,99,J,77,38,95,76
All OCR_225.jpg,377,99,7,97,38,118,75
All OCR_225.jpg,377,99,3,122,37,142,76
All OCR_225.jpg,377,99,O,145,38,163,77
All OCR_225.jpg,377,99,A,167,39,187,77
All OCR_225.jpg,377,99,H,189,38,207,77
All OCR_225.jpg,377,99,L,212,39,232,78
All OCR_225.jpg,377,99,Q,236,40,255,78
All OCR_225.jpg,377,99,1,259,36,278,78
All OCR_225.jpg,377,99,D,282,38,300,77
All OCR_225.jpg,377,99,0,304,38,323,78
All OCR_226.jpg,378,99,G,54,39,72,77
All OCR_226.jpg,378,99,J,77,38,95,78
All OCR_226.jpg,378,99,7,100,39,118,76
All OCR_226.jpg,378,99,3,122,38,141,76
All OCR_226.jpg,378,99,O,144,38,164,77
All OCR_226.jpg,378,99,A,168,39,187,78
All OCR_226.jpg,378,99,H,191,39,210,77
All OCR_226.jpg,378,99,L,214,39,232,78
All OCR_226.jpg,378,99,C,236,38,253,79
All OCR_226.jpg,378,99,1,260,39,278,78
All OCR_226.jpg,378,99,G,283,41,301,78
All OCR_226.jpg,378,99,5,305,39,323,79
All OCR_227.jpg,377,99,G,53,37,73,77
All OCR_227.jpg,377,99,J,76,38,94,76
All OCR_227.jpg,377,99,7,99,37,117,75
All OCR_227.jpg,377,99,3,122,38,142,76
All OCR_227.jpg,377,99,3,304,39,324,78
All OCR_227.jpg,377,99,O,145,40,164,75
All OCR_227.jpg,377,99,A,169,37,186,77
All OCR_227.jpg,377,99,H,189,38,209,76
All OCR_227.jpg,377,99,N,213,39,233,77
All OCR_227.jpg,377,99,D,237,38,256,78
All OCR_227.jpg,377,99,D,283,37,301,77
All OCR_227.jpg,377,99,0,259,39,277,77
All OCR_228.jpg,379,100,S,50,43,70,81
All OCR_228.jpg,379,100,K,72,42,90,81
All OCR_228.jpg,379,100,K,119,44,138,81
All OCR_228.jpg,379,100,K,212,45,230,84
All OCR_228.jpg,379,100,9,96,43,114,81
All OCR_228.jpg,379,100,Z,144,45,162,83
All OCR_228.jpg,379,100,X,167,45,185,84
All OCR_228.jpg,379,100,4,189,44,207,82
All OCR_228.jpg,379,100,M,235,44,255,84
All OCR_228.jpg,379,100,0,259,46,278,85
All OCR_228.jpg,379,100,0,305,46,324,85
All OCR_228.jpg,379,100,G,283,45,301,84
All OCR_229.jpg,380,102,S,50,45,69,84
All OCR_229.jpg,380,102,K,73,46,89,84
All OCR_229.jpg,380,102,9,97,44,114,83
All OCR_229.jpg,380,102,K,119,45,137,84
All OCR_229.jpg,380,102,Z,143,45,159,85
All OCR_229.jpg,380,102,X,164,45,184,85
All OCR_229.jpg,380,102,4,188,46,206,85
All OCR_229.jpg,380,102,J,212,48,231,84
All OCR_229.jpg,380,102,E,236,46,254,85
All OCR_229.jpg,380,102,E,282,48,299,86
All OCR_229.jpg,380,102,1,259,48,278,86
All OCR_229.jpg,380,102,2,305,47,322,87
All OCR_23.jpg,380,102,S,53,42,73,81
All OCR_23.jpg,380,102,K,76,44,94,82
All OCR_23.jpg,380,102,9,100,43,118,83
All OCR_23.jpg,380,102,K,123,42,141,83
All OCR_23.jpg,380,102,Z,147,42,164,83
All OCR_23.jpg,380,102,X,169,44,188,83
All OCR_23.jpg,380,102,1,193,45,211,85
All OCR_23.jpg,380,102,A,216,47,234,84
All OCR_23.jpg,380,102,F,238,45,258,85
All OCR_23.jpg,380,102,F,284,47,304,84
All OCR_23.jpg,380,102,2,262,47,280,84
All OCR_23.jpg,380,102,7,309,46,326,85
All OCR_230.jpg,380,102,S,50,45,70,83
All OCR_230.jpg,380,102,K,73,46,92,84
All OCR_230.jpg,380,102,K,120,46,138,85
All OCR_230.jpg,380,102,9,97,46,114,83
All OCR_230.jpg,380,102,Z,142,46,159,85
All OCR_230.jpg,380,102,X,166,46,184,84
All OCR_230.jpg,380,102,4,190,47,207,85
All OCR_230.jpg,380,102,O,213,49,231,87
All OCR_230.jpg,380,102,G,237,49,255,87
All OCR_230.jpg,380,102,1,259,49,277,88
All OCR_230.jpg,380,102,A,282,49,300,86
All OCR_230.jpg,380,102,6,305,51,322,88
All OCR_231.jpg,381,101,S,56,46,74,84
All OCR_231.jpg,381,101,K,78,47,96,84
All OCR_231.jpg,381,101,K,124,47,143,85
All OCR_231.jpg,381,101,9,102,46,120,85
All OCR_231.jpg,381,101,Z,147,46,167,86
All OCR_231.jpg,381,101,W,171,47,191,87
All OCR_231.jpg,381,101,2,194,48,214,87
All OCR_231.jpg,381,101,P,216,49,236,88
All OCR_231.jpg,381,101,Z,240,48,259,86
All OCR_231.jpg,381,101,1,264,48,283,89
All OCR_231.jpg,381,101,F,287,49,306,87
All OCR_231.jpg,381,101,1,312,49,330,89
All OCR_232.jpg,378,100,G,55,43,73,79
All OCR_232.jpg,378,100,J,78,44,97,80
All OCR_232.jpg,378,100,7,102,42,119,79
All OCR_232.jpg,378,100,3,123,42,142,80
All OCR_232.jpg,378,100,3,310,43,329,80
All OCR_232.jpg,378,100,8,148,42,166,81
All OCR_232.jpg,378,100,T,171,43,189,80
All OCR_232.jpg,378,100,C,195,43,212,80
All OCR_232.jpg,378,100,7,218,43,235,81
All OCR_232.jpg,378,100,M,240,43,259,81
All OCR_232.jpg,378,100,2,264,44,282,81
All OCR_232.jpg,378,100,D,286,44,305,83
All OCR_233.jpg,377,98,G,54,44,74,79
All OCR_233.jpg,377,98,J,79,42,96,80
All OCR_233.jpg,377,98,7,103,42,120,80
All OCR_233.jpg,377,98,3,125,43,144,80
All OCR_233.jpg,377,98,3,309,44,328,81
All OCR_233.jpg,377,98,8,147,42,165,82
All OCR_233.jpg,377,98,T,172,42,189,79
All OCR_233.jpg,377,98,C,195,42,213,81
All OCR_233.jpg,377,98,D,218,43,236,80
All OCR_233.jpg,377,98,O,240,44,259,81
All OCR_233.jpg,377,98,2,263,43,281,81
All OCR_233.jpg,377,98,E,286,43,305,80
All OCR_234.jpg,381,101,S,57,42,76,79
All OCR_234.jpg,381,101,K,80,41,98,79
All OCR_234.jpg,381,101,9,105,43,123,81
All OCR_234.jpg,381,101,L,127,44,144,81
All OCR_234.jpg,381,101,2,151,43,168,81
All OCR_234.jpg,381,101,B,172,44,190,82
All OCR_234.jpg,381,101,3,196,43,213,81
All OCR_234.jpg,381,101,Z,219,42,235,82
All OCR_234.jpg,381,101,E,240,43,258,82
All OCR_234.jpg,381,101,2,263,44,282,84
All OCR_234.jpg,381,101,A,287,46,305,84
All OCR_234.jpg,381,101,5,310,45,329,85
All OCR_235.jpg,378,101,S,56,42,75,79
All OCR_235.jpg,378,101,K,80,40,97,79
All OCR_235.jpg,378,101,9,102,41,120,79
All OCR_235.jpg,378,101,L,124,42,141,79
All OCR_235.jpg,378,101,2,149,42,166,79
All OCR_235.jpg,378,101,B,170,42,190,80
All OCR_235.jpg,378,101,4,194,43,212,81
All OCR_235.jpg,378,101,4,217,43,235,80
All OCR_235.jpg,378,101,2,263,45,282,84
All OCR_235.jpg,378,101,2,309,45,327,82
All OCR_235.jpg,378,101,G,240,44,257,82
All OCR_235.jpg,378,101,D,286,44,304,82
All OCR_236.jpg,376,101,G,53,39,71,77
All OCR_236.jpg,376,101,J,76,39,95,78
All OCR_236.jpg,376,101,7,99,37,117,76
All OCR_236.jpg,376,101,2,122,39,142,77
All OCR_236.jpg,376,101,S,146,40,164,78
All OCR_236.jpg,376,101,V,169,37,188,77
All OCR_236.jpg,376,101,D,192,40,211,78
All OCR_236.jpg,376,101,C,216,39,233,78
All OCR_236.jpg,376,101,N,237,40,256,78
All OCR_236.jpg,376,101,2,260,40,279,78
All OCR_236.jpg,376,101,A,282,40,300,79
All OCR_236.jpg,376,101,2,305,38,326,78
All OCR_237.jpg,381,100,S,49,45,69,84
All OCR_237.jpg,381,100,K,75,45,92,84
All OCR_237.jpg,381,100,K,121,47,139,84
All OCR_237.jpg,381,100,9,99,46,116,85
All OCR_237.jpg,381,100,Z,144,47,164,86
All OCR_237.jpg,381,100,W,169,47,187,86
All OCR_237.jpg,381,100,1,192,49,210,86
All OCR_237.jpg,381,100,E,215,49,232,86
All OCR_237.jpg,381,100,B,237,50,255,87
All OCR_237.jpg,381,100,2,261,50,280,89
All OCR_237.jpg,381,100,G,284,51,302,89
All OCR_237.jpg,381,100,7,307,50,326,90
All OCR_238.jpg,377,99,G,55,40,73,77
All OCR_238.jpg,377,99,J,78,40,96,77
All OCR_238.jpg,377,99,7,101,41,118,76
All OCR_238.jpg,377,99,2,123,40,141,77
All OCR_238.jpg,377,99,J,146,40,163,77
All OCR_238.jpg,377,99,J,238,40,256,77
All OCR_238.jpg,377,99,N,168,39,188,79
All OCR_238.jpg,377,99,C,191,40,210,78
All OCR_238.jpg,377,99,Z,215,38,232,78
All OCR_238.jpg,377,99,1,261,39,278,78
All OCR_238.jpg,377,99,1,307,40,326,79
All OCR_238.jpg,377,99,H,282,39,301,78
All OCR_239.jpg,377,99,G,52,41,71,77
All OCR_239.jpg,377,99,J,76,39,95,78
All OCR_239.jpg,377,99,7,100,40,116,79
All OCR_239.jpg,377,99,2,121,41,139,78
All OCR_239.jpg,377,99,2,260,40,280,77
All OCR_239.jpg,377,99,J,237,41,255,77
All OCR_239.jpg,377,99,J,145,42,164,77
All OCR_239.jpg,377,99,N,168,40,188,77
All OCR_239.jpg,377,99,C,192,38,208,78
All OCR_239.jpg,377,99,Z,214,40,233,78
All OCR_239.jpg,377,99,G,284,41,302,79
All OCR_239.jpg,377,99,4,307,41,324,80
All OCR_24.jpg,380,102,S,55,43,74,83
All OCR_24.jpg,380,102,K,78,42,95,82
All OCR_24.jpg,380,102,K,124,45,143,83
All OCR_24.jpg,380,102,9,102,44,120,82
All OCR_24.jpg,380,102,Z,148,44,167,83
All OCR_24.jpg,380,102,X,170,46,190,83
All OCR_24.jpg,380,102,1,195,45,213,84
All OCR_24.jpg,380,102,B,218,44,236,84
All OCR_24.jpg,380,102,F,241,45,260,83
All OCR_24.jpg,380,102,2,263,46,282,85
All OCR_24.jpg,380,102,C,287,47,305,84
All OCR_24.jpg,380,102,6,309,46,329,84
All OCR_240.jpg,380,102,S,55,42,74,81
All OCR_240.jpg,380,102,K,77,41,96,81
All OCR_240.jpg,380,102,9,101,43,118,82
All OCR_240.jpg,380,102,L,124,42,142,83
All OCR_240.jpg,380,102,6,147,44,165,83
All OCR_240.jpg,380,102,M,170,43,188,83
All OCR_240.jpg,380,102,4,192,44,210,82
All OCR_240.jpg,380,102,0,215,45,234,83
All OCR_240.jpg,380,102,0,260,45,278,83
All OCR_240.jpg,380,102,G,238,44,256,83
All OCR_240.jpg,380,102,B,283,45,303,85
All OCR_240.jpg,380,102,4,305,46,324,85
All OCR_241.jpg,378,102,S,50,42,67,80
All OCR_241.jpg,378,102,K,73,44,91,82
All OCR_241.jpg,378,102,K,119,45,138,83
All OCR_241.jpg,378,102,9,97,43,115,82
All OCR_241.jpg,378,102,Z,143,44,161,84
All OCR_241.jpg,378,102,Z,235,47,253,84
All OCR_241.jpg,378,102,X,164,44,184,83
All OCR_241.jpg,378,102,4,189,47,208,82
All OCR_241.jpg,378,102,J,212,47,231,83
All OCR_241.jpg,378,102,0,258,47,276,85
All OCR_241.jpg,378,102,D,281,47,302,86
All OCR_241.jpg,378,102,1,305,46,321,86
All OCR_242.jpg,376,98,G,52,40,70,77
All OCR_242.jpg,376,98,J,75,40,94,77
All OCR_242.jpg,376,98,7,98,39,115,78
All OCR_242.jpg,376,98,7,145,40,163,78
All OCR_242.jpg,376,98,4,122,41,141,79
All OCR_242.jpg,376,98,K,168,39,187,80
All OCR_242.jpg,376,98,K,214,40,232,78
All OCR_242.jpg,376,98,3,191,40,209,78
All OCR_242.jpg,376,98,E,237,39,256,78
All OCR_242.jpg,376,98,0,260,40,279,78
All OCR_242.jpg,376,98,B,282,41,301,78
All OCR_242.jpg,376,98,6,306,40,326,79
All OCR_243.jpg,377,99,G,52,42,70,78
All OCR_243.jpg,377,99,J,75,40,92,78
All OCR_243.jpg,377,99,7,98,41,115,78
All OCR_243.jpg,377,99,7,145,41,162,79
All OCR_243.jpg,377,99,4,122,42,141,79
All OCR_243.jpg,377,99,K,167,42,186,79
All OCR_243.jpg,377,99,3,189,41,208,79
All OCR_243.jpg,377,99,C,214,42,230,80
All OCR_243.jpg,377,99,G,237,42,255,79
All OCR_243.jpg,377,99,0,259,43,277,80
All OCR_243.jpg,377,99,0,307,42,325,80
All OCR_243.jpg,377,99,C,282,42,301,80
All OCR_244.jpg,379,101,S,54,40,72,78
All OCR_244.jpg,379,101,K,76,38,94,78
All OCR_244.jpg,379,101,9,101,39,118,79
All OCR_244.jpg,379,101,L,123,39,139,82
All OCR_244.jpg,379,101,6,146,39,165,79
All OCR_244.jpg,379,101,N,168,40,188,81
All OCR_244.jpg,379,101,2,192,40,209,80
All OCR_244.jpg,379,101,P,214,41,233,80
All OCR_244.jpg,379,101,T,238,42,257,82
All OCR_244.jpg,379,101,0,259,41,277,82
All OCR_244.jpg,379,101,D,283,42,301,83
All OCR_244.jpg,379,101,5,305,42,326,82
All OCR_246.jpg,379,102,S,49,47,68,84
All OCR_246.jpg,379,102,K,73,45,91,86
All OCR_246.jpg,379,102,9,96,47,115,87
All OCR_246.jpg,379,102,K,120,47,137,86
All OCR_246.jpg,379,102,P,142,49,162,88
All OCR_246.jpg,379,102,L,166,50,183,87
All OCR_246.jpg,379,102,2,188,49,206,88
All OCR_246.jpg,379,102,2,305,52,323,90
All OCR_246.jpg,379,102,Y,212,50,232,87
All OCR_246.jpg,379,102,A,235,50,255,90
All OCR_246.jpg,379,102,0,258,50,276,89
All OCR_246.jpg,379,102,F,281,51,301,90
All OCR_247.jpg,379,101,S,52,45,70,83
All OCR_247.jpg,379,101,K,75,44,93,83
All OCR_247.jpg,379,101,9,99,45,117,83
All OCR_247.jpg,379,101,K,122,45,139,83
All OCR_247.jpg,379,101,P,144,46,162,83
All OCR_247.jpg,379,101,L,167,46,184,85
All OCR_247.jpg,379,101,3,191,45,210,85
All OCR_247.jpg,379,101,1,214,47,234,86
All OCR_247.jpg,379,101,O,239,47,257,86
All OCR_247.jpg,379,101,2,259,47,279,87
All OCR_247.jpg,379,101,E,284,48,303,86
All OCR_247.jpg,379,101,4,307,50,326,86
All OCR_248.jpg,379,101,S,47,47,68,85
All OCR_248.jpg,379,101,K,72,47,90,85
All OCR_248.jpg,379,101,K,119,48,137,86
All OCR_248.jpg,379,101,9,96,48,114,85
All OCR_248.jpg,379,101,P,141,48,161,85
All OCR_248.jpg,379,101,L,165,47,183,85
All OCR_248.jpg,379,101,3,189,46,207,85
All OCR_248.jpg,379,101,1,212,48,230,86
All OCR_248.jpg,379,101,B,234,48,253,87
All OCR_248.jpg,379,101,0,258,49,277,86
All OCR_248.jpg,379,101,E,282,48,301,86
All OCR_248.jpg,379,101,3,305,48,322,88
All OCR_249.jpg,378,101,S,48,47,68,84
All OCR_249.jpg,378,101,K,72,47,91,85
All OCR_249.jpg,378,101,K,119,48,136,85
All OCR_249.jpg,378,101,9,97,47,113,84
All OCR_249.jpg,378,101,P,141,48,160,85
All OCR_249.jpg,378,101,L,165,48,183,86
All OCR_249.jpg,378,101,2,188,48,205,88
All OCR_249.jpg,378,101,X,211,50,230,87
All OCR_249.jpg,378,101,A,234,52,254,88
All OCR_249.jpg,378,101,0,258,51,276,89
All OCR_249.jpg,378,101,0,304,53,323,90
All OCR_249.jpg,378,101,B,281,52,300,89
All OCR_25.jpg,379,95,S,57,43,76,81
All OCR_25.jpg,379,95,K,81,42,101,81
All OCR_25.jpg,379,95,K,127,42,144,81
All OCR_25.jpg,379,95,9,105,42,123,81
All OCR_25.jpg,379,95,P,149,42,167,80
All OCR_25.jpg,379,95,N,172,43,191,82
All OCR_25.jpg,379,95,1,196,42,214,81
All OCR_25.jpg,379,95,C,219,43,238,81
All OCR_25.jpg,379,95,D,242,44,261,82
All OCR_25.jpg,379,95,1,265,43,283,83
All OCR_25.jpg,379,95,A,287,45,306,82
All OCR_25.jpg,379,95,4,309,43,328,82
All OCR_250.jpg,349,97,G,53,40,72,77
All OCR_250.jpg,349,97,G,76,41,95,77
All OCR_250.jpg,349,97,7,100,40,117,76
All OCR_250.jpg,349,97,7,146,40,163,77
All OCR_250.jpg,349,97,4,122,41,140,77
All OCR_250.jpg,349,97,K,169,41,186,78
All OCR_250.jpg,349,97,K,215,41,232,78
All OCR_250.jpg,349,97,3,192,40,210,79
All OCR_250.jpg,349,97,B,237,41,256,78
All OCR_250.jpg,349,97,0,260,40,279,79
All OCR_250.jpg,349,97,C,285,40,303,77
All OCR_250.jpg,349,97,0,307,41,326,79
All OCR_251.jpg,377,101,S,56,43,74,80
All OCR_251.jpg,377,101,K,80,42,97,79
All OCR_251.jpg,377,101,9,104,43,121,80
All OCR_251.jpg,377,101,L,126,43,144,81
All OCR_251.jpg,377,101,2,149,44,166,81
All OCR_251.jpg,377,101,B,171,44,189,81
All OCR_251.jpg,377,101,3,194,43,212,81
All OCR_251.jpg,377,101,3,308,45,327,83
All OCR_251.jpg,377,101,V,217,44,234,82
All OCR_251.jpg,377,101,P,239,44,257,84
All OCR_251.jpg,377,101,2,264,45,280,83
All OCR_251.jpg,377,101,C,287,45,304,84
All OCR_252.jpg,379,100,G,58,39,78,77
All OCR_252.jpg,379,100,J,81,40,99,77
All OCR_252.jpg,379,100,7,105,39,123,77
All OCR_252.jpg,379,100,2,127,40,146,78
All OCR_252.jpg,379,100,5,151,39,168,79
All OCR_252.jpg,379,100,X,172,40,193,78
All OCR_252.jpg,379,100,X,218,39,238,78
All OCR_252.jpg,379,100,B,195,38,214,78
All OCR_252.jpg,379,100,H,241,41,259,79
All OCR_252.jpg,379,100,0,264,39,283,78
All OCR_252.jpg,379,100,C,287,39,305,78
All OCR_252.jpg,379,100,7,310,39,328,78
All OCR_253.jpg,379,101,S,56,43,73,81
All OCR_253.jpg,379,101,K,79,42,97,80
All OCR_253.jpg,379,101,9,102,43,120,80
All OCR_253.jpg,379,101,L,125,42,141,80
All OCR_253.jpg,379,101,2,147,44,165,81
All OCR_253.jpg,379,101,B,171,43,188,82
All OCR_253.jpg,379,101,3,193,43,211,83
All OCR_253.jpg,379,101,N,215,45,233,82
All OCR_253.jpg,379,101,P,238,45,256,83
All OCR_253.jpg,379,101,0,262,46,280,84
All OCR_253.jpg,379,101,G,283,44,301,83
All OCR_253.jpg,379,101,4,307,46,326,85
All OCR_254.jpg,376,97,G,53,37,72,75
All OCR_254.jpg,376,97,J,76,39,94,75
All OCR_254.jpg,376,97,4,99,39,118,76
All OCR_254.jpg,376,97,4,122,38,140,75
All OCR_254.jpg,376,97,7,145,39,162,75
All OCR_254.jpg,376,97,K,168,38,187,77
All OCR_254.jpg,376,97,5,192,39,211,77
All OCR_254.jpg,376,97,V,215,39,235,76
All OCR_254.jpg,376,97,C,239,40,257,76
All OCR_254.jpg,376,97,0,260,38,279,77
All OCR_254.jpg,376,97,B,284,40,304,78
All OCR_254.jpg,376,97,1,307,38,326,77
All OCR_255.jpg,380,104,S,59,44,78,81
All OCR_255.jpg,380,104,K,81,43,99,82
All OCR_255.jpg,380,104,9,104,43,123,83
All OCR_255.jpg,380,104,L,127,43,145,83
All OCR_255.jpg,380,104,6,149,45,169,83
All OCR_255.jpg,380,104,N,173,45,192,83
All OCR_255.jpg,380,104,1,196,45,214,84
All OCR_255.jpg,380,104,B,218,46,236,84
All OCR_255.jpg,380,104,B,241,45,260,84
All OCR_255.jpg,380,104,0,264,47,283,86
All OCR_255.jpg,380,104,A,286,48,306,85
All OCR_255.jpg,380,104,1,309,45,327,87
All OCR_256.jpg,377,99,G,55,39,74,77
All OCR_256.jpg,377,99,J,78,40,95,76
All OCR_256.jpg,377,99,7,101,39,119,77
All OCR_256.jpg,377,99,7,147,40,165,77
All OCR_256.jpg,377,99,4,125,39,143,79
All OCR_256.jpg,377,99,K,170,40,190,77
All OCR_256.jpg,377,99,5,193,40,212,78
All OCR_256.jpg,377,99,1,216,41,235,77
All OCR_256.jpg,377,99,C,240,39,259,78
All OCR_256.jpg,377,99,G,285,39,302,77
All OCR_256.jpg,377,99,0,262,40,280,77
All OCR_256.jpg,377,99,1,309,40,328,78
All OCR_257.jpg,376,98,G,55,35,73,74
All OCR_257.jpg,376,98,J,78,37,96,75
All OCR_257.jpg,376,98,7,101,36,119,75
All OCR_257.jpg,376,98,3,124,36,144,76
All OCR_257.jpg,376,98,3,305,36,324,75
All OCR_257.jpg,376,98,0,146,36,165,75
All OCR_257.jpg,376,98,0,260,37,279,76
All OCR_257.jpg,376,98,X,169,36,188,75
All OCR_257.jpg,376,98,5,193,37,211,77
All OCR_257.jpg,376,98,Q,214,38,232,74
All OCR_257.jpg,376,98,A,237,37,257,76
All OCR_257.jpg,376,98,C,284,37,301,76
All OCR_258.jpg,379,101,X,59,42,77,80
All OCR_258.jpg,379,101,K,81,40,99,80
All OCR_258.jpg,379,101,9,106,42,124,82
All OCR_258.jpg,379,101,9,197,43,215,82
All OCR_258.jpg,379,101,L,127,44,146,80
All OCR_258.jpg,379,101,2,150,43,168,81
All OCR_258.jpg,379,101,2,266,44,283,83
All OCR_258.jpg,379,101,2,312,44,329,85
All OCR_258.jpg,379,101,I,174,42,190,82
All OCR_258.jpg,379,101,W,220,42,239,83
All OCR_258.jpg,379,101,L,242,45,259,83
All OCR_258.jpg,379,101,D,288,45,307,84
All OCR_259.jpg,377,99,G,55,39,74,75
All OCR_259.jpg,377,99,J,79,39,97,76
All OCR_259.jpg,377,99,7,103,39,121,76
All OCR_259.jpg,377,99,1,124,37,145,77
All OCR_259.jpg,377,99,X,148,37,167,77
All OCR_259.jpg,377,99,2,173,38,191,75
All OCR_259.jpg,377,99,2,265,39,282,77
All OCR_259.jpg,377,99,2,310,39,329,76
All OCR_259.jpg,377,99,7,196,39,213,75
All OCR_259.jpg,377,99,L,218,39,236,77
All OCR_259.jpg,377,99,K,240,38,259,77
All OCR_259.jpg,377,99,D,287,39,305,79
All OCR_26.jpg,381,101,S,53,44,71,84
All OCR_26.jpg,381,101,K,76,45,94,84
All OCR_26.jpg,381,101,K,122,46,141,85
All OCR_26.jpg,381,101,9,100,45,118,85
All OCR_26.jpg,381,101,Z,145,46,164,83
All OCR_26.jpg,381,101,X,169,47,189,85
All OCR_26.jpg,381,101,C,193,46,211,85
All OCR_26.jpg,381,101,U,216,47,234,86
All OCR_26.jpg,381,101,O,239,49,258,87
All OCR_26.jpg,381,101,2,264,48,281,86
All OCR_26.jpg,381,101,B,285,48,305,86
All OCR_26.jpg,381,101,4,309,49,327,86
All OCR_260.jpg,378,99,G,56,39,74,76
All OCR_260.jpg,378,99,J,80,39,98,76
All OCR_260.jpg,378,99,J,218,38,236,76
All OCR_260.jpg,378,99,7,102,39,121,76
All OCR_260.jpg,378,99,7,196,38,214,76
All OCR_260.jpg,378,99,1,126,38,144,77
All OCR_260.jpg,378,99,1,312,38,330,77
All OCR_260.jpg,378,99,X,149,37,169,76
All OCR_260.jpg,378,99,2,172,38,191,76
All OCR_260.jpg,378,99,2,265,39,284,78
All OCR_260.jpg,378,99,K,240,39,259,78
All OCR_260.jpg,378,99,C,288,39,305,76
All OCR_262.jpg,377,99,G,50,38,68,76
All OCR_262.jpg,377,99,J,74,40,93,78
All OCR_262.jpg,377,99,7,98,40,114,77
All OCR_262.jpg,377,99,1,120,40,139,78
All OCR_262.jpg,377,99,X,143,40,162,79
All OCR_262.jpg,377,99,3,166,39,185,78
All OCR_262.jpg,377,99,C,190,40,207,79
All OCR_262.jpg,377,99,8,212,39,232,79
All OCR_262.jpg,377,99,S,236,42,255,78
All OCR_262.jpg,377,99,0,258,42,278,79
All OCR_262.jpg,377,99,G,282,41,298,79
All OCR_262.jpg,377,99,3,304,40,324,79
All OCR_264.jpg,334,100,G,58,38,76,76
All OCR_264.jpg,334,100,J,80,37,99,76
All OCR_264.jpg,334,100,7,103,38,122,76
All OCR_264.jpg,334,100,2,127,38,145,77
All OCR_264.jpg,334,100,R,150,40,168,78
All OCR_264.jpg,334,100,A,172,38,191,76
All OCR_264.jpg,334,100,3,195,37,213,77
All OCR_264.jpg,334,100,S,217,38,236,77
All OCR_264.jpg,334,100,B,240,38,260,78
All OCR_264.jpg,334,100,1,264,38,282,77
All OCR_264.jpg,334,100,E,286,39,305,78
All OCR_264.jpg,334,100,0,310,40,327,78
All OCR_267.jpg,378,102,S,59,44,77,81
All OCR_267.jpg,378,102,K,81,42,100,82
All OCR_267.jpg,378,102,9,104,44,123,84
All OCR_267.jpg,378,102,L,127,42,146,82
All OCR_267.jpg,378,102,2,151,44,168,83
All OCR_267.jpg,378,102,I,173,44,190,82
All OCR_267.jpg,378,102,9,197,46,214,83
All OCR_267.jpg,378,102,R,218,45,235,84
All OCR_267.jpg,378,102,N,241,47,260,85
All OCR_267.jpg,378,102,2,265,44,283,85
All OCR_267.jpg,378,102,B,287,46,305,85
All OCR_267.jpg,378,102,4,311,46,329,85
All OCR_268.jpg,378,102,S,54,43,71,81
All OCR_268.jpg,378,102,K,76,42,96,81
All OCR_268.jpg,378,102,9,101,42,118,82
All OCR_268.jpg,378,102,9,192,43,209,84
All OCR_268.jpg,378,102,9,213,43,232,83
All OCR_268.jpg,378,102,L,123,45,141,82
All OCR_268.jpg,378,102,2,146,42,164,82
All OCR_268.jpg,378,102,I,169,43,186,84
All OCR_268.jpg,378,102,P,236,47,255,84
All OCR_268.jpg,378,102,0,259,46,278,85
All OCR_268.jpg,378,102,E,283,45,301,86
All OCR_268.jpg,378,102,4,305,47,324,86
All OCR_269.jpg,378,97,G,52,40,71,79
All OCR_269.jpg,378,97,J,74,41,94,79
All OCR_269.jpg,378,97,7,97,41,115,79
All OCR_269.jpg,378,97,2,120,39,139,80
All OCR_269.jpg,378,97,I,143,40,161,79
All OCR_269.jpg,378,97,B,166,40,186,79
All OCR_269.jpg,378,97,J,189,40,207,80
All OCR_269.jpg,378,97,P,211,40,230,80
All OCR_269.jpg,378,97,N,234,39,254,80
All OCR_269.jpg,378,97,0,257,40,276,80
All OCR_269.jpg,378,97,B,279,40,299,79
All OCR_269.jpg,378,97,5,302,41,321,80
All OCR_27.jpg,381,101,S,53,48,71,87
All OCR_27.jpg,381,101,K,75,48,94,86
All OCR_27.jpg,381,101,K,121,50,141,86
All OCR_27.jpg,381,101,9,99,48,118,87
All OCR_27.jpg,381,101,Z,145,48,164,88
All OCR_27.jpg,381,101,X,168,49,187,87
All OCR_27.jpg,381,101,C,191,49,210,87
All OCR_27.jpg,381,101,Y,215,51,235,88
All OCR_27.jpg,381,101,E,239,50,256,88
All OCR_27.jpg,381,101,0,261,50,280,88
All OCR_27.jpg,381,101,D,284,50,303,89
All OCR_27.jpg,381,101,3,307,51,326,90
All OCR_272.jpg,375,98,G,55,42,73,80
All OCR_272.jpg,375,98,G,283,42,302,81
All OCR_272.jpg,375,98,J,77,41,96,79
All OCR_272.jpg,375,98,7,100,40,117,80
All OCR_272.jpg,375,98,2,123,42,142,80
All OCR_272.jpg,375,98,S,144,43,164,80
All OCR_272.jpg,375,98,U,168,42,187,80
All OCR_272.jpg,375,98,I,190,42,208,80
All OCR_272.jpg,375,98,E,214,41,233,80
All OCR_272.jpg,375,98,L,237,42,255,80
All OCR_272.jpg,375,98,0,258,43,279,81
All OCR_272.jpg,375,98,4,306,43,323,79
All OCR_273.jpg,380,103,S,61,42,78,79
All OCR_273.jpg,380,103,S,153,42,169,80
All OCR_273.jpg,380,103,K,83,41,100,79
All OCR_273.jpg,380,103,K,130,42,146,80
All OCR_273.jpg,380,103,9,107,42,125,81
All OCR_273.jpg,380,103,3,173,43,192,81
All OCR_273.jpg,380,103,F,197,43,216,81
All OCR_273.jpg,380,103,2,221,44,238,83
All OCR_273.jpg,380,103,2,266,45,283,83
All OCR_273.jpg,380,103,M,243,45,261,82
All OCR_273.jpg,380,103,B,290,45,307,83
All OCR_274.jpg,377,98,G,54,40,73,78
All OCR_274.jpg,377,98,G,214,39,232,78
All OCR_274.jpg,377,98,J,77,40,96,77
All OCR_274.jpg,377,98,7,99,39,117,77
All OCR_274.jpg,377,98,2,123,39,141,79
All OCR_274.jpg,377,98,S,146,40,163,78
All OCR_274.jpg,377,98,U,167,38,186,78
All OCR_274.jpg,377,98,I,191,37,209,79
All OCR_274.jpg,377,98,F,236,39,255,79
All OCR_274.jpg,377,98,0,259,40,278,77
All OCR_274.jpg,377,98,A,282,41,299,79
All OCR_274.jpg,377,98,6,306,40,323,79
All OCR_275.jpg,376,99,G,50,40,69,78
All OCR_275.jpg,376,99,J,74,40,93,78
All OCR_275.jpg,376,99,7,97,40,115,77
All OCR_275.jpg,376,99,2,119,39,138,77
All OCR_275.jpg,376,99,S,143,41,162,78
All OCR_275.jpg,376,99,U,166,40,184,79
All OCR_275.jpg,376,99,K,188,40,206,78
All OCR_275.jpg,376,99,E,211,40,229,79
All OCR_275.jpg,376,99,P,233,41,253,79
All OCR_275.jpg,376,99,2,258,42,275,80
All OCR_275.jpg,376,99,B,279,40,298,80
All OCR_275.jpg,376,99,5,303,43,319,79
All OCR_276.jpg,380,97,G,55,39,74,77
All OCR_276.jpg,380,97,J,79,39,97,77
All OCR_276.jpg,380,97,7,102,39,121,77
All OCR_276.jpg,380,97,7,172,41,192,77
All OCR_276.jpg,380,97,2,126,40,144,78
All OCR_276.jpg,380,97,2,264,41,282,79
All OCR_276.jpg,380,97,O,148,42,167,77
All OCR_276.jpg,380,97,3,195,39,214,77
All OCR_276.jpg,380,97,B,219,39,237,78
All OCR_276.jpg,380,97,M,241,41,260,79
All OCR_276.jpg,380,97,B,288,40,307,78
All OCR_276.jpg,380,97,6,312,41,330,80
All OCR_277.jpg,377,98,G,59,38,79,76
All OCR_277.jpg,377,98,J,82,40,101,77
All OCR_277.jpg,377,98,7,106,39,124,76
All OCR_277.jpg,377,98,2,128,38,145,77
All OCR_277.jpg,377,98,B,151,39,170,77
All OCR_277.jpg,377,98,9,174,38,191,78
All OCR_277.jpg,377,98,J,196,39,215,77
All OCR_277.jpg,377,98,K,219,37,237,77
All OCR_277.jpg,377,98,Z,242,37,262,79
All OCR_277.jpg,377,98,1,265,39,284,77
All OCR_277.jpg,377,98,1,312,38,329,78
All OCR_277.jpg,377,98,G,287,40,306,77
All OCR_278.jpg,376,98,G,58,40,78,79
All OCR_278.jpg,376,98,J,81,42,100,79
All OCR_278.jpg,376,98,7,104,40,123,78
All OCR_278.jpg,376,98,2,127,40,147,79
All OCR_278.jpg,376,98,B,151,40,169,79
All OCR_278.jpg,376,98,9,173,39,191,79
All OCR_278.jpg,376,98,H,194,40,213,80
All OCR_278.jpg,376,98,W,218,41,238,79
All OCR_278.jpg,376,98,D,242,41,259,79
All OCR_278.jpg,376,98,0,263,41,281,80
All OCR_278.jpg,376,98,D,287,42,305,79
All OCR_278.jpg,376,98,7,309,41,328,78
All OCR_279.jpg,380,102,S,58,44,79,80
All OCR_279.jpg,380,102,K,83,41,100,80
All OCR_279.jpg,380,102,9,106,43,124,82
All OCR_279.jpg,380,102,L,128,43,146,82
All OCR_279.jpg,380,102,2,151,44,169,82
All OCR_279.jpg,380,102,2,266,46,284,85
All OCR_279.jpg,380,102,2,312,47,329,84
All OCR_279.jpg,380,102,I,174,44,191,82
All OCR_279.jpg,380,102,8,197,44,215,83
All OCR_279.jpg,380,102,D,219,46,238,83
All OCR_279.jpg,380,102,O,243,48,261,84
All OCR_279.jpg,380,102,G,289,46,307,85
All OCR_28.jpg,380,101,G,61,39,80,76
All OCR_28.jpg,380,101,J,83,37,102,77
All OCR_28.jpg,380,101,7,107,39,125,77
All OCR_28.jpg,380,101,2,129,40,149,79
All OCR_28.jpg,380,101,6,153,39,172,77
All OCR_28.jpg,380,101,N,175,39,194,80
All OCR_28.jpg,380,101,F,198,40,217,79
All OCR_28.jpg,380,101,1,220,39,240,79
All OCR_28.jpg,380,101,A,244,41,263,79
All OCR_28.jpg,380,101,2,267,40,285,78
All OCR_28.jpg,380,101,B,288,40,308,79
All OCR_28.jpg,380,101,2,312,41,331,79
All OCR_280.jpg,380,101,S,60,42,79,80
All OCR_280.jpg,380,101,K,81,42,98,79
All OCR_280.jpg,380,101,9,106,42,124,82
All OCR_280.jpg,380,101,L,128,44,146,82
All OCR_280.jpg,380,101,2,150,44,169,82
All OCR_280.jpg,380,101,I,174,42,192,82
All OCR_280.jpg,380,101,8,197,44,215,83
All OCR_280.jpg,380,101,E,220,43,238,82
All OCR_280.jpg,380,101,O,243,45,260,84
All OCR_280.jpg,380,101,2,266,44,285,83
All OCR_280.jpg,380,101,D,288,44,306,83
All OCR_280.jpg,380,101,1,310,44,329,85
All OCR_281.jpg,377,102,S,56,42,76,81
All OCR_281.jpg,377,102,K,80,41,98,82
All OCR_281.jpg,377,102,9,104,43,123,82
All OCR_281.jpg,377,102,L,126,44,145,81
All OCR_281.jpg,377,102,2,150,43,169,83
All OCR_281.jpg,377,102,I,172,44,191,82
All OCR_281.jpg,377,102,I,240,45,259,83
All OCR_281.jpg,377,102,8,195,44,212,83
All OCR_281.jpg,377,102,L,217,46,235,83
All OCR_281.jpg,377,102,2,263,43,281,83
All OCR_281.jpg,377,102,D,285,46,305,85
All OCR_281.jpg,377,102,7,311,47,328,83
All OCR_282.jpg,380,100,S,55,41,73,78
All OCR_282.jpg,380,100,K,78,39,96,79
All OCR_282.jpg,380,100,9,101,40,118,79
All OCR_282.jpg,380,100,L,123,41,142,80
All OCR_282.jpg,380,100,2,146,40,164,79
All OCR_282.jpg,380,100,J,170,43,188,80
All OCR_282.jpg,380,100,G,191,43,210,79
All OCR_282.jpg,380,100,B,214,41,232,80
All OCR_282.jpg,380,100,P,236,43,256,81
All OCR_282.jpg,380,100,0,261,43,279,81
All OCR_282.jpg,380,100,B,284,43,302,82
All OCR_282.jpg,380,100,5,306,44,325,82
All OCR_284.jpg,381,103,S,59,44,76,80
All OCR_284.jpg,381,103,K,82,42,100,81
All OCR_284.jpg,381,103,9,105,43,123,81
All OCR_284.jpg,381,103,L,127,44,147,81
All OCR_284.jpg,381,103,2,151,44,170,82
All OCR_284.jpg,381,103,A,173,46,193,83
All OCR_284.jpg,381,103,H,197,46,214,83
All OCR_284.jpg,381,103,U,217,45,237,84
All OCR_284.jpg,381,103,W,242,46,261,84
All OCR_284.jpg,381,103,0,265,47,282,84
All OCR_284.jpg,381,103,A,288,47,307,85
All OCR_284.jpg,381,103,6,310,47,327,85
All OCR_286.jpg,379,101,S,54,41,75,78
All OCR_286.jpg,379,101,K,78,40,98,79
All OCR_286.jpg,379,101,K,125,41,144,80
All OCR_286.jpg,379,101,9,101,40,120,79
All OCR_286.jpg,379,101,S,148,43,166,79
All OCR_286.jpg,379,101,3,170,42,189,82
All OCR_286.jpg,379,101,3,308,42,326,82
All OCR_286.jpg,379,101,G,193,42,211,81
All OCR_286.jpg,379,101,G,286,42,304,83
All OCR_286.jpg,379,101,J,215,45,235,82
All OCR_286.jpg,379,101,M,239,43,259,82
All OCR_286.jpg,379,101,0,262,43,281,82
All OCR_287.jpg,376,97,T,56,43,75,81
All OCR_287.jpg,376,97,I,78,42,97,81
All OCR_287.jpg,376,97,6,101,43,120,82
All OCR_287.jpg,376,97,Q,126,41,143,81
All OCR_287.jpg,376,97,S,147,42,165,81
All OCR_287.jpg,376,97,M,170,42,188,81
All OCR_287.jpg,376,97,J,192,42,210,82
All OCR_287.jpg,376,97,W,215,43,232,82
All OCR_287.jpg,376,97,O,236,45,255,82
All OCR_287.jpg,376,97,2,262,43,279,83
All OCR_287.jpg,376,97,D,285,43,302,82
All OCR_287.jpg,376,97,3,306,42,325,81
All OCR_288.jpg,376,97,T,56,44,74,83
All OCR_288.jpg,376,97,I,79,42,95,83
All OCR_288.jpg,376,97,6,101,43,119,83
All OCR_288.jpg,376,97,Q,124,45,144,83
All OCR_288.jpg,376,97,S,146,44,163,82
All OCR_288.jpg,376,97,M,170,45,189,84
All OCR_288.jpg,376,97,I,192,43,210,82
All OCR_288.jpg,376,97,I,239,45,257,84
All OCR_288.jpg,376,97,F,215,44,234,84
All OCR_288.jpg,376,97,0,260,45,279,83
All OCR_288.jpg,376,97,C,284,42,301,82
All OCR_288.jpg,376,97,1,306,45,325,83
All OCR_289.jpg,377,98,T,56,43,73,82
All OCR_289.jpg,377,98,I,78,44,94,82
All OCR_289.jpg,377,98,6,100,44,120,81
All OCR_289.jpg,377,98,Q,125,44,143,81
All OCR_289.jpg,377,98,S,148,44,165,82
All OCR_289.jpg,377,98,M,169,44,188,81
All OCR_289.jpg,377,98,J,193,42,211,81
All OCR_289.jpg,377,98,X,215,43,235,83
All OCR_289.jpg,377,98,Q,238,42,254,82
All OCR_289.jpg,377,98,0,261,44,278,81
All OCR_289.jpg,377,98,G,283,45,302,81
All OCR_289.jpg,377,98,2,306,44,325,82
All OCR_29.jpg,379,102,S,53,42,71,81
All OCR_29.jpg,379,102,K,76,42,95,82
All OCR_29.jpg,379,102,9,100,43,118,82
All OCR_29.jpg,379,102,L,122,43,141,82
All OCR_29.jpg,379,102,6,146,43,164,83
All OCR_29.jpg,379,102,6,214,46,233,83
All OCR_29.jpg,379,102,M,167,44,187,82
All OCR_29.jpg,379,102,4,191,44,209,84
All OCR_29.jpg,379,102,O,236,45,254,83
All OCR_29.jpg,379,102,1,259,45,278,84
All OCR_29.jpg,379,102,1,304,46,324,85
All OCR_29.jpg,379,102,B,283,46,300,84
All OCR_290.jpg,377,97,T,54,41,72,81
All OCR_290.jpg,377,97,I,78,41,94,80
All OCR_290.jpg,377,97,6,100,41,118,81
All OCR_290.jpg,377,97,6,145,42,164,80
All OCR_290.jpg,377,97,Q,122,43,142,79
All OCR_290.jpg,377,97,U,168,41,186,81
All OCR_290.jpg,377,97,H,190,44,210,80
All OCR_290.jpg,377,97,N,214,43,232,82
All OCR_290.jpg,377,97,L,236,43,255,82
All OCR_290.jpg,377,97,0,259,43,278,82
All OCR_290.jpg,377,97,G,282,43,300,80
All OCR_290.jpg,377,97,1,305,41,323,82
All OCR_291.jpg,379,97,T,59,43,76,81
All OCR_291.jpg,379,97,I,80,43,99,80
All OCR_291.jpg,379,97,6,104,43,122,81
All OCR_291.jpg,379,97,Q,127,44,144,81
All OCR_291.jpg,379,97,6,149,44,167,82
All OCR_291.jpg,379,97,U,172,42,191,81
All OCR_291.jpg,379,97,H,194,43,213,80
All OCR_291.jpg,379,97,G,217,43,236,80
All OCR_291.jpg,379,97,D,241,43,260,82
All OCR_291.jpg,379,97,2,263,43,282,81
All OCR_291.jpg,379,97,F,287,44,303,82
All OCR_291.jpg,379,97,6,309,43,328,82
All OCR_292.jpg,381,94,T,57,42,76,80
All OCR_292.jpg,381,94,I,79,42,99,79
All OCR_292.jpg,381,94,6,103,43,122,80
All OCR_292.jpg,381,94,6,149,42,166,80
All OCR_292.jpg,381,94,Q,126,43,143,79
All OCR_292.jpg,381,94,U,171,42,190,80
All OCR_292.jpg,381,94,H,194,43,214,80
All OCR_292.jpg,381,94,J,218,43,236,81
All OCR_292.jpg,381,94,L,240,41,259,80
All OCR_292.jpg,381,94,2,264,43,282,81
All OCR_292.jpg,381,94,C,286,41,304,81
All OCR_292.jpg,381,94,5,309,44,326,80
All OCR_293.jpg,377,97,T,55,44,71,81
All OCR_293.jpg,377,97,I,77,41,94,81
All OCR_293.jpg,377,97,6,100,43,118,82
All OCR_293.jpg,377,97,6,145,44,164,82
All OCR_293.jpg,377,97,Q,124,44,142,82
All OCR_293.jpg,377,97,U,169,44,186,82
All OCR_293.jpg,377,97,G,192,43,210,82
All OCR_293.jpg,377,97,V,214,43,234,81
All OCR_293.jpg,377,97,J,237,44,256,82
All OCR_293.jpg,377,97,2,259,44,278,82
All OCR_293.jpg,377,97,A,282,45,301,84
All OCR_293.jpg,377,97,1,304,42,324,83
All OCR_294.jpg,381,98,T,56,43,72,82
All OCR_294.jpg,381,98,I,79,43,97,83
All OCR_294.jpg,381,98,6,101,46,119,82
All OCR_294.jpg,381,98,6,147,45,166,82
All OCR_294.jpg,381,98,Q,124,45,144,83
All OCR_294.jpg,381,98,U,170,43,188,83
All OCR_294.jpg,381,98,G,192,45,212,82
All OCR_294.jpg,381,98,B,216,43,234,82
All OCR_294.jpg,381,98,L,238,44,256,83
All OCR_294.jpg,381,98,2,260,46,280,83
All OCR_294.jpg,381,98,E,283,45,304,84
All OCR_294.jpg,381,98,7,308,44,326,83
All OCR_295.jpg,378,96,T,59,41,77,81
All OCR_295.jpg,378,96,I,81,41,101,81
All OCR_295.jpg,378,96,6,104,41,123,80
All OCR_295.jpg,378,96,6,150,42,168,80
All OCR_295.jpg,378,96,Q,129,44,146,82
All OCR_295.jpg,378,96,U,173,41,191,80
All OCR_295.jpg,378,96,H,194,42,215,79
All OCR_295.jpg,378,96,L,218,42,235,81
All OCR_295.jpg,378,96,B,241,40,260,80
All OCR_295.jpg,378,96,2,264,42,283,81
All OCR_295.jpg,378,96,C,287,42,305,83
All OCR_295.jpg,378,96,1,310,42,328,81
All OCR_296.jpg,376,98,T,57,42,74,81
All OCR_296.jpg,376,98,I,79,42,97,81
All OCR_296.jpg,376,98,6,101,43,119,81
All OCR_296.jpg,376,98,6,147,41,165,81
All OCR_296.jpg,376,98,Q,125,43,143,81
All OCR_296.jpg,376,98,U,169,41,188,81
All OCR_296.jpg,376,98,H,193,43,212,82
All OCR_296.jpg,376,98,F,216,43,233,83
All OCR_296.jpg,376,98,M,238,44,257,82
All OCR_296.jpg,376,98,0,261,43,278,81
All OCR_296.jpg,376,98,0,307,43,327,82
All OCR_296.jpg,376,98,E,283,44,301,81
All OCR_297.jpg,378,98,T,56,42,74,81
All OCR_297.jpg,378,98,I,79,42,98,81
All OCR_297.jpg,378,98,6,102,42,120,81
All OCR_297.jpg,378,98,6,147,43,166,81
All OCR_297.jpg,378,98,Q,124,43,144,80
All OCR_297.jpg,378,98,U,170,42,189,81
All OCR_297.jpg,378,98,H,192,41,212,81
All OCR_297.jpg,378,98,G,216,43,234,83
All OCR_297.jpg,378,98,S,239,43,258,83
All OCR_297.jpg,378,98,0,262,43,281,83
All OCR_297.jpg,378,98,D,284,43,303,82
All OCR_297.jpg,378,98,4,307,43,326,82
All OCR_298.jpg,379,98,T,49,44,69,82
All OCR_298.jpg,379,98,I,74,42,93,82
All OCR_298.jpg,379,98,6,96,43,115,81
All OCR_298.jpg,379,98,R,120,43,138,81
All OCR_298.jpg,379,98,4,143,42,162,82
All OCR_298.jpg,379,98,4,165,45,184,80
All OCR_298.jpg,379,98,K,188,41,207,81
All OCR_298.jpg,379,98,6,210,43,230,82
All OCR_298.jpg,379,98,M,234,43,253,83
All OCR_298.jpg,379,98,2,256,43,275,83
All OCR_298.jpg,379,98,B,278,43,299,84
All OCR_298.jpg,379,98,4,301,43,320,82
All OCR_299.jpg,377,97,T,54,45,71,83
All OCR_299.jpg,377,97,I,75,44,95,84
All OCR_299.jpg,377,97,6,100,45,117,83
All OCR_299.jpg,377,97,6,145,45,163,85
All OCR_299.jpg,377,97,Q,123,45,140,83
All OCR_299.jpg,377,97,U,167,45,185,83
All OCR_299.jpg,377,97,K,190,44,208,84
All OCR_299.jpg,377,97,8,213,47,231,85
All OCR_299.jpg,377,97,O,235,47,253,84
All OCR_299.jpg,377,97,2,258,46,276,86
All OCR_299.jpg,377,97,G,282,46,299,85
All OCR_299.jpg,377,97,6,303,47,323,85
All OCR_30.jpg,378,100,S,52,40,72,77
All OCR_30.jpg,378,100,K,76,39,96,78
All OCR_30.jpg,378,100,K,123,40,141,78
All OCR_30.jpg,378,100,K,168,41,188,79
All OCR_30.jpg,378,100,9,100,39,118,77
All OCR_30.jpg,378,100,P,146,41,165,79
All OCR_30.jpg,378,100,D,191,40,210,79
All OCR_30.jpg,378,100,Q,214,43,233,80
All OCR_30.jpg,378,100,P,238,42,256,78
All OCR_30.jpg,378,100,2,262,43,280,81
All OCR_30.jpg,378,100,G,285,42,304,81
All OCR_30.jpg,378,100,3,307,43,326,81
All OCR_300.jpg,377,97,T,54,45,73,83
All OCR_300.jpg,377,97,I,76,43,95,83
All OCR_300.jpg,377,97,6,100,45,118,83
All OCR_300.jpg,377,97,6,145,46,162,83
All OCR_300.jpg,377,97,Q,122,44,141,83
All OCR_300.jpg,377,97,U,168,46,187,84
All OCR_300.jpg,377,97,K,190,44,208,84
All OCR_300.jpg,377,97,D,214,46,232,84
All OCR_300.jpg,377,97,M,237,46,255,84
All OCR_300.jpg,377,97,2,258,44,278,84
All OCR_300.jpg,377,97,A,283,46,300,85
All OCR_300.jpg,377,97,3,303,44,322,84
All OCR_301.jpg,381,100,S,56,39,75,78
All OCR_301.jpg,381,100,K,79,38,97,76
All OCR_301.jpg,381,100,K,124,39,142,78
All OCR_301.jpg,381,100,9,102,40,120,79
All OCR_301.jpg,381,100,S,147,40,166,80
All OCR_301.jpg,381,100,3,171,39,189,80
All OCR_301.jpg,381,100,G,193,42,212,79
All OCR_301.jpg,381,100,D,216,41,236,80
All OCR_301.jpg,381,100,Q,240,42,259,79
All OCR_301.jpg,381,100,1,263,42,281,81
All OCR_301.jpg,381,100,E,285,43,304,82
All OCR_301.jpg,381,100,4,307,43,326,80
All OCR_302.jpg,375,100,T,55,44,76,84
All OCR_302.jpg,375,100,I,77,43,96,83
All OCR_302.jpg,375,100,6,101,43,119,84
All OCR_302.jpg,375,100,R,124,44,144,84
All OCR_302.jpg,375,100,4,147,43,167,83
All OCR_302.jpg,375,100,4,169,45,189,83
All OCR_302.jpg,375,100,J,192,46,212,84
All OCR_302.jpg,375,100,W,215,44,234,84
All OCR_302.jpg,375,100,R,237,44,257,85
All OCR_302.jpg,375,100,1,259,42,280,84
All OCR_302.jpg,375,100,C,283,44,302,85
All OCR_302.jpg,375,100,2,306,45,326,84
All OCR_31.jpg,380,101,S,53,42,71,80
All OCR_31.jpg,380,101,K,76,42,95,80
All OCR_31.jpg,380,101,K,122,43,141,80
All OCR_31.jpg,380,101,9,100,42,118,79
All OCR_31.jpg,380,101,9,216,44,234,81
All OCR_31.jpg,380,101,Z,146,41,165,82
All OCR_31.jpg,380,101,X,169,44,188,81
All OCR_31.jpg,380,101,0,192,44,210,81
All OCR_31.jpg,380,101,K,239,44,257,83
All OCR_31.jpg,380,101,2,262,45,280,82
All OCR_31.jpg,380,101,B,285,46,304,84
All OCR_31.jpg,380,101,3,309,45,326,83
All OCR_32.jpg,379,101,S,50,45,68,82
All OCR_32.jpg,379,101,K,74,45,90,82
All OCR_32.jpg,379,101,K,120,46,137,83
All OCR_32.jpg,379,101,9,96,44,114,81
All OCR_32.jpg,379,101,Z,143,45,162,83
All OCR_32.jpg,379,101,X,166,47,184,83
All OCR_32.jpg,379,101,0,189,47,207,85
All OCR_32.jpg,379,101,C,213,47,231,85
All OCR_32.jpg,379,101,A,235,49,253,84
All OCR_32.jpg,379,101,0,258,48,276,84
All OCR_32.jpg,379,101,G,282,48,300,86
All OCR_32.jpg,379,101,5,306,49,324,87
All OCR_33.jpg,379,99,E,50,44,69,82
All OCR_33.jpg,379,99,J,75,45,93,81
All OCR_33.jpg,379,99,7,98,44,117,81
All OCR_33.jpg,379,99,1,120,44,138,81
All OCR_33.jpg,379,99,G,144,45,161,81
All OCR_33.jpg,379,99,G,213,45,232,81
All OCR_33.jpg,379,99,G,282,45,302,82
All OCR_33.jpg,379,99,J,167,46,186,82
All OCR_33.jpg,379,99,K,189,46,209,83
All OCR_33.jpg,379,99,L,236,46,253,82
All OCR_33.jpg,379,99,2,259,46,279,83
All OCR_33.jpg,379,99,1,306,45,324,82
All OCR_34.jpg,379,102,S,55,44,73,81
All OCR_34.jpg,379,102,K,77,43,96,80
All OCR_34.jpg,379,102,K,124,43,142,82
All OCR_34.jpg,379,102,9,101,43,118,80
All OCR_34.jpg,379,102,Z,149,43,167,81
All OCR_34.jpg,379,102,X,171,44,189,82
All OCR_34.jpg,379,102,0,194,44,212,82
All OCR_34.jpg,379,102,4,217,45,235,83
All OCR_34.jpg,379,102,4,310,47,330,84
All OCR_34.jpg,379,102,H,241,46,259,82
All OCR_34.jpg,379,102,2,263,45,282,83
All OCR_34.jpg,379,102,D,287,46,305,83
All OCR_35.jpg,379,102,S,52,42,71,81
All OCR_35.jpg,379,102,K,76,44,95,83
All OCR_35.jpg,379,102,K,122,43,140,82
All OCR_35.jpg,379,102,9,99,44,118,81
All OCR_35.jpg,379,102,Z,146,44,164,82
All OCR_35.jpg,379,102,X,168,45,187,82
All OCR_35.jpg,379,102,0,191,46,210,83
All OCR_35.jpg,379,102,5,216,45,233,84
All OCR_35.jpg,379,102,F,239,45,257,84
All OCR_35.jpg,379,102,0,261,46,279,85
All OCR_35.jpg,379,102,D,284,47,303,85
All OCR_35.jpg,379,102,2,307,46,326,85
All OCR_36.jpg,375,98,E,56,39,74,77
All OCR_36.jpg,375,98,J,79,41,98,77
All OCR_36.jpg,375,98,7,102,40,121,77
All OCR_36.jpg,375,98,7,171,40,190,78
All OCR_36.jpg,375,98,1,125,40,144,79
All OCR_36.jpg,375,98,K,147,40,167,78
All OCR_36.jpg,375,98,4,195,39,213,78
All OCR_36.jpg,375,98,N,216,39,235,79
All OCR_36.jpg,375,98,G,240,41,259,78
All OCR_36.jpg,375,98,2,263,41,281,79
All OCR_36.jpg,375,98,F,286,39,303,79
All OCR_36.jpg,375,98,0,307,39,327,78
All OCR_37.jpg,380,102,S,53,45,72,84
All OCR_37.jpg,380,102,K,75,44,94,83
All OCR_37.jpg,380,102,K,122,47,140,84
All OCR_37.jpg,380,102,9,99,45,116,83
All OCR_37.jpg,380,102,Z,145,45,163,84
All OCR_37.jpg,380,102,X,168,46,187,85
All OCR_37.jpg,380,102,0,191,48,209,85
All OCR_37.jpg,380,102,7,215,47,234,85
All OCR_37.jpg,380,102,R,237,48,256,86
All OCR_37.jpg,380,102,1,261,47,280,87
All OCR_37.jpg,380,102,C,285,48,302,86
All OCR_37.jpg,380,102,6,307,50,326,86
All OCR_38.jpg,378,100,S,58,40,75,77
All OCR_38.jpg,378,100,K,81,39,98,78
All OCR_38.jpg,378,100,9,106,40,123,78
All OCR_38.jpg,378,100,K,127,39,146,78
All OCR_38.jpg,378,100,W,150,41,168,79
All OCR_38.jpg,378,100,9,174,42,191,80
All OCR_38.jpg,378,100,3,195,41,214,79
All OCR_38.jpg,378,100,Y,219,42,238,81
All OCR_38.jpg,378,100,U,240,41,259,80
All OCR_38.jpg,378,100,1,264,42,284,81
All OCR_38.jpg,378,100,1,310,44,328,82
All OCR_38.jpg,378,100,C,288,43,306,81
All OCR_39.jpg,377,100,S,57,40,75,78
All OCR_39.jpg,377,100,K,79,39,98,78
All OCR_39.jpg,377,100,K,125,40,144,79
All OCR_39.jpg,377,100,K,240,43,259,81
All OCR_39.jpg,377,100,9,103,40,121,79
All OCR_39.jpg,377,100,9,172,41,190,79
All OCR_39.jpg,377,100,W,149,40,167,79
All OCR_39.jpg,377,100,3,194,41,214,80
All OCR_39.jpg,377,100,Z,218,40,236,81
All OCR_39.jpg,377,100,1,264,42,283,81
All OCR_39.jpg,377,100,E,286,43,304,82
All OCR_39.jpg,377,100,6,309,45,328,83
All OCR_4.jpg,380,102,S,55,45,76,83
All OCR_4.jpg,380,102,K,80,44,98,83
All OCR_4.jpg,380,102,K,125,45,144,83
All OCR_4.jpg,380,102,9,103,45,120,82
All OCR_4.jpg,380,102,W,147,45,165,82
All OCR_4.jpg,380,102,8,171,47,189,83
All OCR_4.jpg,380,102,3,194,46,212,84
All OCR_4.jpg,380,102,S,217,47,235,85
All OCR_4.jpg,380,102,I,240,47,257,85
All OCR_4.jpg,380,102,1,263,47,281,86
All OCR_4.jpg,380,102,A,286,49,303,86
All OCR_4.jpg,380,102,5,308,49,327,87
All OCR_40.jpg,381,102,S,58,42,77,80
All OCR_40.jpg,381,102,K,81,41,101,81
All OCR_40.jpg,381,102,K,126,42,146,80
All OCR_40.jpg,381,102,9,105,42,123,81
All OCR_40.jpg,381,102,9,174,43,192,82
All OCR_40.jpg,381,102,W,150,42,169,81
All OCR_40.jpg,381,102,0,197,44,215,80
All OCR_40.jpg,381,102,4,219,44,237,82
All OCR_40.jpg,381,102,E,242,45,259,83
All OCR_40.jpg,381,102,0,264,45,282,82
All OCR_40.jpg,381,102,A,287,46,306,83
All OCR_40.jpg,381,102,4,310,46,329,84
All OCR_41.jpg,377,101,S,57,40,75,80
All OCR_41.jpg,377,101,K,80,39,98,80
All OCR_41.jpg,377,101,K,126,40,144,80
All OCR_41.jpg,377,101,K,240,43,258,81
All OCR_41.jpg,377,101,9,103,41,121,81
All OCR_41.jpg,377,101,W,149,41,167,80
All OCR_41.jpg,377,101,9,172,42,190,81
All OCR_41.jpg,377,101,4,194,43,213,82
All OCR_41.jpg,377,101,4,218,44,235,81
All OCR_41.jpg,377,101,1,262,42,281,82
All OCR_41.jpg,377,101,C,286,44,304,81
All OCR_41.jpg,377,101,5,309,44,328,83
All OCR_43.jpg,379,101,S,49,47,67,87
All OCR_43.jpg,379,101,K,71,49,89,87
All OCR_43.jpg,379,101,K,118,49,137,87
All OCR_43.jpg,379,101,9,94,48,112,86
All OCR_43.jpg,379,101,Z,141,49,159,87
All OCR_43.jpg,379,101,Z,210,50,228,89
All OCR_43.jpg,379,101,X,163,50,181,88
All OCR_43.jpg,379,101,C,186,49,205,88
All OCR_43.jpg,379,101,E,233,50,250,89
All OCR_43.jpg,379,101,0,256,51,276,89
All OCR_43.jpg,379,101,A,279,51,298,89
All OCR_43.jpg,379,101,2,303,52,322,91
All OCR_44.jpg,374,87,F,53,40,72,77
All OCR_44.jpg,374,87,J,76,41,95,76
All OCR_44.jpg,374,87,7,99,40,116,77
All OCR_44.jpg,374,87,7,216,41,234,78
All OCR_44.jpg,374,87,1,122,40,142,77
All OCR_44.jpg,374,87,Z,147,40,166,78
All OCR_44.jpg,374,87,T,168,40,187,76
All OCR_44.jpg,374,87,B,192,41,210,77
All OCR_44.jpg,374,87,M,238,41,257,78
All OCR_44.jpg,374,87,1,262,40,279,79
All OCR_44.jpg,374,87,E,284,41,304,78
All OCR_44.jpg,374,87,2,308,41,327,78
All OCR_45.jpg,377,87,F,56,40,76,77
All OCR_45.jpg,377,87,7,103,41,121,79
All OCR_45.jpg,377,87,7,218,42,237,79
All OCR_45.jpg,377,87,J,79,42,98,77
All OCR_45.jpg,377,87,1,125,42,144,79
All OCR_45.jpg,377,87,Z,150,41,169,79
All OCR_45.jpg,377,87,T,172,42,192,79
All OCR_45.jpg,377,87,B,194,41,213,79
All OCR_45.jpg,377,87,G,241,42,259,79
All OCR_45.jpg,377,87,2,265,42,284,79
All OCR_45.jpg,377,87,E,287,41,306,78
All OCR_45.jpg,377,87,1,311,41,330,80
All OCR_5.jpg,380,101,S,63,42,81,79
All OCR_5.jpg,380,101,K,85,41,102,79
All OCR_5.jpg,380,101,K,131,43,148,80
All OCR_5.jpg,380,101,9,109,42,126,82
All OCR_5.jpg,380,101,S,154,42,172,80
All OCR_5.jpg,380,101,3,176,42,195,82
All OCR_5.jpg,380,101,3,200,43,218,82
All OCR_5.jpg,380,101,D,225,43,240,81
All OCR_5.jpg,380,101,P,246,43,262,82
All OCR_5.jpg,380,101,2,269,45,286,84
All OCR_5.jpg,380,101,A,291,46,308,83
All OCR_5.jpg,380,101,0,313,45,331,83
All OCR_51.jpg,378,102,S,55,41,74,80
All OCR_51.jpg,378,102,K,78,40,96,80
All OCR_51.jpg,378,102,K,123,43,143,82
All OCR_51.jpg,378,102,9,101,42,119,81
All OCR_51.jpg,378,102,9,171,43,189,82
All OCR_51.jpg,378,102,W,147,42,166,81
All OCR_51.jpg,378,102,2,193,43,211,83
All OCR_51.jpg,378,102,D,217,45,234,82
All OCR_51.jpg,378,102,A,238,45,256,84
All OCR_51.jpg,378,102,0,260,43,278,83
All OCR_51.jpg,378,102,B,284,46,302,84
All OCR_51.jpg,378,102,5,307,45,325,85
